[
  {
    "State": "NC",
    "County": "",
    "Association": "AgCarolina Farm Credit, ACA",
    "Branch": "Agribusiness Division - Raleigh",
    "Phone 1": "(919) 250-9500",
    "Phone 2": "",
    "Fax": "(919) 231-8475",
    "Address": "4000 Poole Rd",
    "City": "Raleigh",
    "Zip": 27610
  },
  {
    "State": "NC",
    "County": "",
    "Association": "AgCarolina Farm Credit, ACA",
    "Branch": "Special Assets Branch",
    "Phone 1": "(252) 758-6087",
    "Phone 2": "",
    "Fax": "(252) 758-6710",
    "Address": "100 E. First St",
    "City": "Greenville",
    "Zip": 27858
  },
  {
    "State": "GA",
    "County": "",
    "Association": "AgSouth Farm Credit, ACA",
    "Branch": "Coorporate GA",
    "Phone 1": "(912) 764-9091",
    "Phone 2": "",
    "Fax": "(912) 764-8526",
    "Address": "26 South Main Street",
    "City": "Statesboro",
    "Zip": 30458
  },
  {
    "State": "GA",
    "County": "",
    "Association": "AgSouth Farm Credit, ACA",
    "Branch": "Statesboro Admin",
    "Phone 1": "(912) 764-9091",
    "Phone 2": "",
    "Fax": "(912) 764-8526",
    "Address": "26 South Main Street",
    "City": "Statesboro",
    "Zip": 30458
  },
  {
    "State": "SC",
    "County": "",
    "Association": "AgSouth Farm Credit, ACA",
    "Branch": "Corporate SC",
    "Phone 1": "(843) 549-7110",
    "Phone 2": "",
    "Fax": "(843) 542-9404",
    "Address": "529 Bells Hwy",
    "City": "Walterboro",
    "Zip": 29488
  },
  {
    "State": "SC",
    "County": "",
    "Association": "AgSouth Farm Credit, ACA",
    "Branch": "Orangeburg Admin",
    "Phone 1": "(803) 534-6546",
    "Phone 2": "",
    "Fax": "(803) 536-9851",
    "Address": "1880 Joe S. Jeffords Hwy",
    "City": "Orangeburg",
    "Zip": 29115
  },
  {
    "State": "SC",
    "County": "",
    "Association": "AgSouth Farm Credit, ACA",
    "Branch": "Spartanburg Admin",
    "Phone 1": "(864) 585-6234",
    "Phone 2": "",
    "Fax": "(864) 585-8811",
    "Address": "101 North Town Drive",
    "City": "Spartanburg",
    "Zip": 29303
  },
  {
    "State": "FL",
    "County": "",
    "Association": "Farm Credit of Florida, ACA",
    "Branch": "Special Assets Management Center",
    "Phone 1": "(386) 328-2744",
    "Phone 2": "",
    "Fax": "(386) 325-5529",
    "Address": "12300 US Hwy 441",
    "City": "Alachua",
    "Zip": 32615
  },
  {
    "State": "AL",
    "County": "",
    "Association": "First South ACA",
    "Branch": "Alabama Division",
    "Phone 1": "(334) 265-9788",
    "Phone 2": "",
    "Fax": "(334) 262-1839",
    "Address": "1715 West Second Street",
    "City": "Montgomery",
    "Zip": 36106
  },
  {
    "State": "LA",
    "County": "",
    "Association": "First South ACA",
    "Branch": "Louisiana Division",
    "Phone 1": "(225) 658-8558",
    "Phone 2": "",
    "Fax": "(225) 658-4740",
    "Address": "19550 Old Scenic Hwy.",
    "City": "Zachary",
    "Zip": 70791
  },
  {
    "State": "MS",
    "County": "",
    "Association": "First South ACA",
    "Branch": "Mississippi Division",
    "Phone 1": "(601) 898-8595",
    "Phone 2": "",
    "Fax": "(601) 898-8511",
    "Address": "260 Trace Colony Park Drive",
    "City": "Ridgeland",
    "Zip": 39157
  },
  {
    "State": "PR",
    "County": "",
    "Association": "Puerto Rico Farm Credit, ACA",
    "Branch": "San Juan Branch",
    "Phone 1": "(787) 753-0587",
    "Phone 2": "",
    "Fax": "(787) 250-8414",
    "Address": "Domenech Ave. #213",
    "City": "San Juan",
    "Zip": 936
  },
  {
    "State": "LA",
    "County": "Concordia (south half), Grant, Lasalle, Natchitoches,Rapides, Sabine, Vernon,Winn",
    "Association": "First South ACA",
    "Branch": "Louisiana - Alexandria Branch",
    "Phone 1": "(318) 448-0841",
    "Phone 2": "",
    "Fax": "(318) 487-0251",
    "Address": "2308 S. MacArthur Dr",
    "City": "Alexandria",
    "Zip": 71315
  },
  {
    "State": "LA",
    "County": "Livingston (east side), St. Helena, St. Tammany, Tangipahoa, Washington",
    "Association": "First South ACA",
    "Branch": "Louisiana - Amite Branch",
    "Phone 1": "(985) 748-8655",
    "Phone 2": "",
    "Fax": "(985) 748-5738",
    "Address": "60050 Westway Drive",
    "City": "Amite",
    "Zip": 70422
  },
  {
    "State": "LA",
    "County": "Avoyelles, Catahoula (southern tip)",
    "Association": "First South ACA",
    "Branch": "Louisiana - Marksville Branch",
    "Phone 1": "(318) 253-7829",
    "Phone 2": "",
    "Fax": "(318) 253-7248",
    "Address": "321 S. Main",
    "City": "Marksville",
    "Zip": 71351
  },
  {
    "State": "LA",
    "County": "Caldwell,Morehouse,Ouachita (east of river)",
    "Association": "First South ACA",
    "Branch": "Louisiana - Monroe Branch",
    "Phone 1": "(318) 381-8309",
    "Phone 2": "",
    "Fax": "(318) 381-8329",
    "Address": "1896 Hudson Circle, Ste 7",
    "City": "Monroe",
    "Zip": 71201
  },
  {
    "State": "LA",
    "County": "Iberia,Lafayette,St. Martin,St. Mary (north half)",
    "Association": "First South ACA",
    "Branch": "Louisiana - New Iberia Branch",
    "Phone 1": "(337) 364-0217",
    "Phone 2": "",
    "Fax": "(337) 365-4518",
    "Address": "1007 Guy Dr",
    "City": "St. Martinville",
    "Zip": 70582
  },
  {
    "State": "LA",
    "County": "Concordia (north half),Madison,Richland,Tensas",
    "Association": "First South ACA",
    "Branch": "Louisiana - Tallulah Branch",
    "Phone 1": "(318) 574-0822",
    "Phone 2": "",
    "Fax": "(318) 574-0827",
    "Address": "222 N. Cedar",
    "City": "Tallulah",
    "Zip": 71282
  },
  {
    "State": "LA",
    "County": "Ascension,Assumption,Jefferson,Lafourche,Orleans,Plaquemines,St. Bernard,St. Charles,St. James,St. John the Baptist,St. Mary (south half),Terrebonne",
    "Association": "First South ACA",
    "Branch": "Louisiana - Thibodaux Branch",
    "Phone 1": "(985) 446-9450",
    "Phone 2": "",
    "Fax": "(985) 446-9503",
    "Address": "1725 St. Mary Hwy",
    "City": "Thibodaux",
    "Zip": 70301
  },
  {
    "State": "LA",
    "County": "Catahoula (north half),Franklin",
    "Association": "First South ACA",
    "Branch": "Louisiana - Winnsboro Branch",
    "Phone 1": "(318) 435-5089",
    "Phone 2": "",
    "Fax": "(318) 435-3744",
    "Address": "811 Jackson St",
    "City": "Winnsboro",
    "Zip": 71295
  },
  {
    "State": "LA",
    "County": "Ascension (east side), Baton Rouge,Feliciana,Iberville,Livingston (east side),Pointe Coupee",
    "Association": "First South ACA",
    "Branch": "Louisiana - Zachary Branch",
    "Phone 1": "(225) 658-0596",
    "Phone 2": "",
    "Fax": "(225) 658-4740",
    "Address": "19550 Old Scenic Hwy.",
    "City": "Zachary",
    "Zip": 70791
  },
  {
    "State": "MS",
    "County": "Chickasaw (west),Clay,Lowdes,Monroe,Noxubee,Oktibbeha,Winston",
    "Association": "First South ACA",
    "Branch": "Mississippi - Aberdeen Branch",
    "Phone 1": "(662) 369-4752",
    "Phone 2": "",
    "Fax": "(662) 369-6575",
    "Address": "306 E. Jefferson St",
    "City": "Aberdeen",
    "Zip": 39730
  },
  {
    "State": "MS",
    "County": "Alcorn,Chickasaw (east),Itawamba,Lee,Pontotoc,Prentiss,Tippah,Tishomingo,Union",
    "Association": "First South ACA",
    "Branch": "Mississippi - Tupelo Branch",
    "Phone 1": "(662) 842-2454",
    "Phone 2": "",
    "Fax": "(662) 842-2579",
    "Address": "2216 S. Gloster St",
    "City": "Tupelo",
    "Zip": 38801
  },
  {
    "State": "VT",
    "County": "Addison, Chittenden(part), Rutland(part),Washington( part),",
    "Association": "Yankee Farm Credit ACA",
    "Branch": "Middlebury",
    "Phone 1": "(800) 545-1169",
    "Phone 2": "(802) 388-2692",
    "Fax": "",
    "Address": "320 Exchange Street",
    "City": "Middlebury",
    "Zip": 5753
  },
  {
    "State": "VT",
    "County": "Essex, Caledonia(part), Lamoille(part), Orleans, Washington(part), Coos, Grafton(part)",
    "Association": "Yankee Farm Credit ACA",
    "Branch": "Newport",
    "Phone 1": "(800) 370-2738",
    "Phone 2": "(802) 334-8050",
    "Fax": "",
    "Address": "250 Commerce Way",
    "City": "Derby",
    "Zip": 5829
  },
  {
    "State": "VT",
    "County": "Chittenden (part), Franklin, Grand Isle, Lamoille(Part)",
    "Association": "Yankee Farm Credit ACA",
    "Branch": "St. Albans",
    "Phone 1": "(800) 545-1097",
    "Phone 2": "(802) 524-2938",
    "Fax": "",
    "Address": "130 Upper Welden Street",
    "City": "St. Albans",
    "Zip": 5478
  },
  {
    "State": "VT",
    "County": "Bennington, Caledonia(part), Rutland(part), Orange, Washington(part), Windham, Windsor, Cheshire, Sullivan. Grafton(part)",
    "Association": "Yankee Farm Credit ACA",
    "Branch": "WRJ",
    "Phone 1": "(800) 370-3276",
    "Phone 2": "(802) 295-3670",
    "Fax": "",
    "Address": "52 Farmvu Drive",
    "City": "White River Jct.",
    "Zip": 5001
  },
  {
    "State": "NC",
    "County": "Bertie, Hertford, Northampton",
    "Association": "AgCarolina Farm Credit, ACA",
    "Branch": "Ahoskie Branch",
    "Phone 1": "(252) 332-6143",
    "Phone 2": "",
    "Fax": "(252) 332-6144",
    "Address": "408 NC 561 W",
    "City": "Ahoskie",
    "Zip": 27910
  },
  {
    "State": "NC",
    "County": "Camden, Chowan, Currituck, Dare, Pasquotank, Perquimans",
    "Association": "AgCarolina Farm Credit, ACA",
    "Branch": "Elizabeth City Branch",
    "Phone 1": "(252) 335-0582",
    "Phone 2": "",
    "Fax": "(252) 335-0584",
    "Address": "101 Impact Blvd",
    "City": "Elizabeth City",
    "Zip": 27906
  },
  {
    "State": "NC",
    "County": "Greene, Pitt",
    "Association": "AgCarolina Farm Credit, ACA",
    "Branch": "Greenville Branch",
    "Phone 1": "(252) 758-1512",
    "Phone 2": "",
    "Fax": "(252) 758-6135",
    "Address": "100 E. First St",
    "City": "Greenville",
    "Zip": 27858
  },
  {
    "State": "NC",
    "County": "Halifax",
    "Association": "AgCarolina Farm Credit, ACA",
    "Branch": "Halifax Branch",
    "Phone 1": "(252) 583-1331",
    "Phone 2": "",
    "Fax": "(252) 583-1908",
    "Address": "419 South King St",
    "City": "Halifax",
    "Zip": 27839
  },
  {
    "State": "NC",
    "County": "Lenoir",
    "Association": "AgCarolina Farm Credit, ACA",
    "Branch": "La Grange Branch",
    "Phone 1": "(252) 566-2163",
    "Phone 2": "",
    "Fax": "(252) 566-2313",
    "Address": "7900 Hwy 70 W",
    "City": "La Grange",
    "Zip": 28551
  },
  {
    "State": "NC",
    "County": "Franklin, Granville, Vance, Warren",
    "Association": "AgCarolina Farm Credit, ACA",
    "Branch": "Louisburg Branch",
    "Phone 1": "(919) 496-3267",
    "Phone 2": "",
    "Fax": "(919) 496-6008",
    "Address": "1654 NC 39 Hwy N",
    "City": "Louisburg",
    "Zip": 27549
  },
  {
    "State": "NC",
    "County": "Carteret, Craven, Jones, Onslow, Pamlico",
    "Association": "AgCarolina Farm Credit, ACA",
    "Branch": "New Bern Branch",
    "Phone 1": "(252) 638-5673",
    "Phone 2": "",
    "Fax": "(252) 638-5674",
    "Address": "1309 South Glenburnie Rd",
    "City": "New Bern",
    "Zip": 28561
  },
  {
    "State": "NC",
    "County": "Wake",
    "Association": "AgCarolina Farm Credit, ACA",
    "Branch": "Raleigh Branch",
    "Phone 1": "(919) 250-0202",
    "Phone 2": "",
    "Fax": "(919) 250-2847",
    "Address": "4000 Poole Rd",
    "City": "Raleigh",
    "Zip": 27610
  },
  {
    "State": "NC",
    "County": "Edgecombe, Nash",
    "Association": "AgCarolina Farm Credit, ACA",
    "Branch": "Rocky Mount",
    "Phone 1": "(252) 443-1290",
    "Phone 2": "",
    "Fax": "(252) 443-3526",
    "Address": "2472 Woodruff Rd",
    "City": "Rocky Mount",
    "Zip": 27804
  },
  {
    "State": "NC",
    "County": "Johnston, Wayne, Wilson",
    "Association": "AgCarolina Farm Credit, ACA",
    "Branch": "Smithfield Branch",
    "Phone 1": "(919) 934-9731",
    "Phone 2": "",
    "Fax": "(919) 934-9736",
    "Address": "2850 US Hwy 70 Business E",
    "City": "Smithfield",
    "Zip": 27577
  },
  {
    "State": "NC",
    "County": "Hyde, Tyrrell, Washington",
    "Association": "AgCarolina Farm Credit, ACA",
    "Branch": "Swan Quarter Branch",
    "Phone 1": "(252) 926-7481",
    "Phone 2": "",
    "Fax": "(252) 926-4321",
    "Address": "13191 U.S. Hwy. 264",
    "City": "Swan Quarter",
    "Zip": 27885
  },
  {
    "State": "NC",
    "County": "Beaufort, Martin",
    "Association": "AgCarolina Farm Credit, ACA",
    "Branch": "Williamston Branch",
    "Phone 1": "(252) 792-1678",
    "Phone 2": "",
    "Fax": "(252) 792-5051",
    "Address": "1105 Garrett Rd",
    "City": "Williamston",
    "Zip": 27892
  },
  {
    "State": "PA",
    "County": "Cameron, Elk, McKean, Potter",
    "Association": "AgChoice Farm Credit, ACA",
    "Branch": "Region 1 - Coudersport Office",
    "Phone 1": "(814) 274-9425",
    "Phone 2": "",
    "Fax": "(814) 274-0438",
    "Address": "1 Buffalo Street, Suite 3",
    "City": "Coudersport",
    "Zip": 16915
  },
  {
    "State": "PA",
    "County": "Tioga",
    "Association": "AgChoice Farm Credit, ACA",
    "Branch": "Region 1 - Endless Mountains Office",
    "Phone 1": "(570) 265-8161",
    "Phone 2": "",
    "Fax": "(570) 265-4572",
    "Address": "24668 Route 6",
    "City": "Towanda",
    "Zip": 18848
  },
  {
    "State": "PA",
    "County": "Crawford, Erie, Forest, Mercer, Venango, Warren",
    "Association": "AgChoice Farm Credit, ACA",
    "Branch": "Region 1 - Meadville Office",
    "Phone 1": "(814) 336-3149",
    "Phone 2": "",
    "Fax": "(814) 333-8890",
    "Address": "11555 State Hwy. 98",
    "City": "Meadville",
    "Zip": 16335
  },
  {
    "State": "PA",
    "County": "Centre, Clearfield",
    "Association": "AgChoice Farm Credit, ACA",
    "Branch": "Region 1 - Seven Mountains Office",
    "Phone 1": "(717) 248-7331",
    "Phone 2": "",
    "Fax": "(717) 248-2625",
    "Address": "13193 Ferguson Valley Rd",
    "City": "Yeagertown",
    "Zip": 17099
  },
  {
    "State": "PA",
    "County": "Clinton, Lycoming",
    "Association": "AgChoice Farm Credit, ACA",
    "Branch": "Region 1 - Susquehanna Valley Office",
    "Phone 1": "(570) 524-2204",
    "Phone 2": "",
    "Fax": "(570) 524-2022",
    "Address": "4504 Westbranch Highway",
    "City": "Lewisburg",
    "Zip": 17837
  },
  {
    "State": "PA",
    "County": "Bradford, Lackawanna, Sullivan, Susquehanna, Wayne, Wyoming",
    "Association": "AgChoice Farm Credit, ACA",
    "Branch": "Region 2 - Endless Mountains Office",
    "Phone 1": "(570) 265-8161",
    "Phone 2": "",
    "Fax": "(570) 265-4572",
    "Address": "24668 Route 6",
    "City": "Towanda",
    "Zip": 18848
  },
  {
    "State": "PA",
    "County": "Huntingdon, Juniata, Mifflin, Perry",
    "Association": "AgChoice Farm Credit, ACA",
    "Branch": "Region 2 - Seven Mountains Office",
    "Phone 1": "(717) 248-7331",
    "Phone 2": "",
    "Fax": "(717) 248-2625",
    "Address": "13193 Ferguson Valley Rd",
    "City": "Yeagertown",
    "Zip": 17099
  },
  {
    "State": "PA",
    "County": "Columbia, Luzerne, Montour, Northumberland, Snyder, Union",
    "Association": "AgChoice Farm Credit, ACA",
    "Branch": "Region 2 - Susquehanna Valley Office",
    "Phone 1": "(570) 524-2204",
    "Phone 2": "",
    "Fax": "(570) 524-2022",
    "Address": "4504 Westbranch Highway",
    "City": "Lewisburg",
    "Zip": 17837
  },
  {
    "State": "PA",
    "County": "Cumberland, Franklin, Fulton,",
    "Association": "AgChoice Farm Credit, ACA",
    "Branch": "Region 3 - Cumberland Valley Office",
    "Phone 1": "(717) 263-3315",
    "Phone 2": "",
    "Fax": "(717) 263-1568",
    "Address": "109 Farm Credit Dr",
    "City": "Chambersburg",
    "Zip": 17201
  },
  {
    "State": "PA",
    "County": "Bedford, Blair",
    "Association": "AgChoice Farm Credit, ACA",
    "Branch": "Region 3 - Martinsburg Office",
    "Phone 1": "(814) 793-3783",
    "Phone 2": "",
    "Fax": "(814) 793-3040",
    "Address": "2322 Curryville Road",
    "City": "Martinsburg",
    "Zip": 16662
  },
  {
    "State": "PA",
    "County": "Adams, York",
    "Association": "AgChoice Farm Credit, ACA",
    "Branch": "Region 3 - York Office",
    "Phone 1": "(717) 792-2641",
    "Phone 2": "",
    "Fax": "(717) 792-1499",
    "Address": "1434 Seven Valleys Road",
    "City": "York",
    "Zip": 17408
  },
  {
    "State": "PA",
    "County": "Armstrong, Beaver, Butler, Clarion, Jefferson, Lawrence, Indiana",
    "Association": "AgChoice Farm Credit, ACA",
    "Branch": "Region 4 - Butler Office",
    "Phone 1": "(724) 482-2173",
    "Phone 2": "",
    "Fax": "(724) 482-4201",
    "Address": "610 Evans City Rd",
    "City": "Butler",
    "Zip": 16001
  },
  {
    "State": "PA",
    "County": "Cambria, Somerset",
    "Association": "AgChoice Farm Credit, ACA",
    "Branch": "Region 4 - Martinsburg Office",
    "Phone 1": "(814) 793-3783",
    "Phone 2": "",
    "Fax": "(814) 793-3040",
    "Address": "2322 Curryville Road",
    "City": "Martinsburg",
    "Zip": 16662
  },
  {
    "State": "WV",
    "County": "Brooke, Fayette, Greene, Hancock, Marshall, Ohio, Washington, Westmoreland, Allegheny",
    "Association": "AgChoice Farm Credit, ACA",
    "Branch": "Region 4 - New Stanton Office",
    "Phone 1": "(724) 696-3276",
    "Phone 2": "",
    "Fax": "(724) 696-4526",
    "Address": "921 S. Center Ave., PO Box 716",
    "City": "New Stanton",
    "Zip": 15672
  },
  {
    "State": "OH",
    "County": "Lucas, Wood",
    "Association": "AgCredit, ACA",
    "Branch": "Bowling Green Branch",
    "Phone 1": "(419) 352-5178",
    "Phone 2": "",
    "Fax": "(419) 354-2199",
    "Address": "111 E. Gypsy Lane Rd",
    "City": "Bowling Green",
    "Zip": 43402
  },
  {
    "State": "OH",
    "County": "Crawford",
    "Association": "AgCredit, ACA",
    "Branch": "Bucyrus Branch",
    "Phone 1": "(419) 562-7926",
    "Phone 2": "",
    "Fax": "(419) 562-7416",
    "Address": "3113 SR 98",
    "City": "Bucyrus",
    "Zip": 44820
  },
  {
    "State": "OH",
    "County": "Hancock",
    "Association": "AgCredit, ACA",
    "Branch": "Findlay Branch",
    "Phone 1": "(419) 422-7632",
    "Phone 2": "",
    "Fax": "(419) 422-8391",
    "Address": "7868 CR 140, Ste. A",
    "City": "Findlay",
    "Zip": 45840
  },
  {
    "State": "OH",
    "County": "Ottawa, Lucas, Sandusky",
    "Association": "AgCredit, ACA",
    "Branch": "Fremont Branch",
    "Phone 1": "(419) 332-2639",
    "Phone 2": "",
    "Fax": "(419) 332-2944",
    "Address": "2155 Oak Harbor Rd",
    "City": "Fremont",
    "Zip": 43420
  },
  {
    "State": "OH",
    "County": "Hardin",
    "Association": "AgCredit, ACA",
    "Branch": "Kenton Branch",
    "Phone 1": "(419) 675-2303",
    "Phone 2": "",
    "Fax": "(419) 675-2951",
    "Address": "12923 SR 309",
    "City": "Kenton",
    "Zip": 43326
  },
  {
    "State": "OH",
    "County": "Marion",
    "Association": "AgCredit, ACA",
    "Branch": "Marion Branch",
    "Phone 1": "(740) 387-2270",
    "Phone 2": "",
    "Fax": "(740) 387-1387",
    "Address": "1100 East Center St",
    "City": "Marion",
    "Zip": 43302
  },
  {
    "State": "OH",
    "County": "Morrow",
    "Association": "AgCredit, ACA",
    "Branch": "Mt. Gilead Branch",
    "Phone 1": "(419) 947-1040",
    "Phone 2": "",
    "Fax": "(419) 947-1050",
    "Address": "5362 US Hwy 42, Ste. 100",
    "City": "Mt. Gilead",
    "Zip": 43338
  },
  {
    "State": "OH",
    "County": "Henry, Paulding",
    "Association": "AgCredit, ACA",
    "Branch": "Napoleon Branch",
    "Phone 1": "(419) 599-8656",
    "Phone 2": "",
    "Fax": "(419) 592-5310",
    "Address": "1485 Scott St.",
    "City": "Napoleon",
    "Zip": 43545
  },
  {
    "State": "OH",
    "County": "Erie, Huron, Lorain",
    "Association": "AgCredit, ACA",
    "Branch": "Norwalk Branch",
    "Phone 1": "(419) 663-4020",
    "Phone 2": "",
    "Fax": "(419) 663-4120",
    "Address": "735A US Hwy 20 East",
    "City": "Norwalk",
    "Zip": 44857
  },
  {
    "State": "OH",
    "County": "Putnam",
    "Association": "AgCredit, ACA",
    "Branch": "Ottawa Branch",
    "Phone 1": "(419) 523-6677",
    "Phone 2": "",
    "Fax": "(419) 523-6679",
    "Address": "315 W. Williamstown Rd",
    "City": "Ottawa",
    "Zip": 45875
  },
  {
    "State": "OH",
    "County": "Seneca",
    "Association": "AgCredit, ACA",
    "Branch": "Tiffin Branch",
    "Phone 1": "(419) 447-0787",
    "Phone 2": "",
    "Fax": "(419) 447-8110",
    "Address": "2500 W. Market St",
    "City": "Tiffin",
    "Zip": 44883
  },
  {
    "State": "OH",
    "County": "Wyandot",
    "Association": "AgCredit, ACA",
    "Branch": "Upper Sandusky Branch",
    "Phone 1": "(419) 294-4933",
    "Phone 2": "",
    "Fax": "(419)-294-4934",
    "Address": "97 Houpt Dr., Room E",
    "City": "Upper Sandusky",
    "Zip": 43351
  },
  {
    "State": "OH",
    "County": "Paulding, Van Wert",
    "Association": "AgCredit, ACA",
    "Branch": "Van Wert Branch",
    "Phone 1": "(419) 238-6838",
    "Phone 2": "",
    "Fax": "(419) 238-1788",
    "Address": "1195 Professional Dr",
    "City": "Van Wert",
    "Zip": 45891
  },
  {
    "State": "OH",
    "County": "Lorain",
    "Association": "AgCredit, ACA",
    "Branch": "Wellington Satellite",
    "Phone 1": "(440) 647-6611",
    "Phone 2": "",
    "Fax": "(440) 647-6610",
    "Address": "311 Maple St, Ste 100",
    "City": "Wellington",
    "Zip": 44090
  },
  {
    "State": "GA",
    "County": "Bartow, Cherokee, Cobb, Gordon, Paulding, Pickens",
    "Association": "AgGeorgia Farm Credit, ACA",
    "Branch": "Northern Div - Cartersville Branch",
    "Phone 1": "(770) 382-3637",
    "Phone 2": "",
    "Fax": "(770) 387-1175",
    "Address": "1300 East Main St",
    "City": "Cartersville",
    "Zip": 30121
  },
  {
    "State": "GA",
    "County": "Fannin, Gilmer, Gordon, Murray, Pickens, Whitfield",
    "Association": "AgGeorgia Farm Credit, ACA",
    "Branch": "Northern Div - Chatsworth Branch",
    "Phone 1": "(706) 695-0020",
    "Phone 2": "",
    "Fax": "(706) 695-0075",
    "Address": "19 Woodlake Dr",
    "City": "Chatsworth",
    "Zip": 30705
  },
  {
    "State": "GA",
    "County": "Banks, Habersham, Rabun, Stephens, Towns, Union",
    "Association": "AgGeorgia Farm Credit, ACA",
    "Branch": "Northern Div - Clarkesville Branch",
    "Phone 1": "(706) 754-4158",
    "Phone 2": "",
    "Fax": "(706) 754-3307",
    "Address": "102 Blacksnake Rd",
    "City": "Mt. Airy",
    "Zip": 30563
  },
  {
    "State": "GA",
    "County": "Banks, Barrow, Dawson, Forsyth, Hall, Jackson, Lumpkin, White",
    "Association": "AgGeorgia Farm Credit, ACA",
    "Branch": "Northern Div - Gainesville Branch",
    "Phone 1": "(770) 534-5395",
    "Phone 2": "",
    "Fax": "(770) 534-6491",
    "Address": "501 Broad St",
    "City": "Gainesville",
    "Zip": 30501
  },
  {
    "State": "GA",
    "County": "Catoosa, Dade, Walker",
    "Association": "AgGeorgia Farm Credit, ACA",
    "Branch": "Northern Div - Lafayette Outpost",
    "Phone 1": "(706) 638-1940",
    "Phone 2": "",
    "Fax": "(706) 638-1946",
    "Address": "700 East Villanow St",
    "City": "LaFayette",
    "Zip": 30728
  },
  {
    "State": "GA",
    "County": "Chattooga, Floyd, Polk",
    "Association": "AgGeorgia Farm Credit, ACA",
    "Branch": "Northern Div - Rome Outpost",
    "Phone 1": "(706) 291-6340",
    "Phone 2": "",
    "Fax": "(706) 291-7535",
    "Address": "701 East 2nd Ave",
    "City": "Rome",
    "Zip": 30162
  },
  {
    "State": "GA",
    "County": "Banks, Clarke, Elbert, Franklin, Hart, Madison, Stephens",
    "Association": "AgGeorgia Farm Credit, ACA",
    "Branch": "Northern Div - Royston Branch",
    "Phone 1": "(706) 245-6142",
    "Phone 2": "",
    "Fax": "(706) 245-5117",
    "Address": "675 Church St",
    "City": "Royston",
    "Zip": 30662
  },
  {
    "State": "GA",
    "County": "Lincoln, Oglethorpe, Taliaferro, Wilkes",
    "Association": "AgGeorgia Farm Credit, ACA",
    "Branch": "Northern Div - Washington Branch",
    "Phone 1": "(706) 678-7088",
    "Phone 2": "",
    "Fax": "(706) 678-2241",
    "Address": "US 78, 311 North Bypass",
    "City": "Washington",
    "Zip": 30673
  },
  {
    "State": "GA",
    "County": "Crisp, Dooly, Wilcox",
    "Association": "AgGeorgia Farm Credit, ACA",
    "Branch": "Southern Div - Cordele Branch",
    "Phone 1": "(229) 273-3927",
    "Phone 2": "",
    "Fax": "(229) 273-3960",
    "Address": "1207 South Greer St",
    "City": "Cordele",
    "Zip": 31015
  },
  {
    "State": "GA",
    "County": "Bleckley, Dodge, Johnson, Laurens, Telfair, Treutlen, Twiggs, Wilkinson",
    "Association": "AgGeorgia Farm Credit, ACA",
    "Branch": "Southern Div - Dublin Branch",
    "Phone 1": "(478) 272-3255",
    "Phone 2": "",
    "Fax": "(478) 272-4933",
    "Address": "826 Bellevue Ave",
    "City": "Dublin",
    "Zip": 31021
  },
  {
    "State": "GA",
    "County": "Macon",
    "Association": "AgGeorgia Farm Credit, ACA",
    "Branch": "Southern Div - Montezuma Outpost",
    "Phone 1": "(478) 472-5156",
    "Phone 2": "",
    "Fax": "(478) 472-5158",
    "Address": "317 Walnut St",
    "City": "Montezuma",
    "Zip": 31063
  },
  {
    "State": "GA",
    "County": "Colquitt",
    "Association": "AgGeorgia Farm Credit, ACA",
    "Branch": "Southern Div - Moultrie Branch",
    "Phone 1": "(229) 985-3893",
    "Phone 2": "",
    "Fax": "(229) 985-0409",
    "Address": "22 5th Ave. S.E.",
    "City": "Moultrie",
    "Zip": 31768
  },
  {
    "State": "GA",
    "County": "Berrien, Cook, Lanier",
    "Association": "AgGeorgia Farm Credit, ACA",
    "Branch": "Southern Div - Nashville Branch",
    "Phone 1": "(229) 686-5081",
    "Phone 2": "",
    "Fax": "(229) 686-7085",
    "Address": "707 N. Davis St",
    "City": "Nashville",
    "Zip": 31639
  },
  {
    "State": "GA",
    "County": "Berrien, Ben Hill, Irwin, Telfair, Tift, Turner",
    "Association": "AgGeorgia Farm Credit, ACA",
    "Branch": "Southern Div - Ocilla Branch",
    "Phone 1": "(229) 468-5900",
    "Phone 2": "",
    "Fax": "(229) 468-7506",
    "Address": "302 South Cherry St",
    "City": "Ocilla",
    "Zip": 31774
  },
  {
    "State": "GA",
    "County": "Bibb, Crawford, Houston, Macon, Peach, Pulaski, Taylor",
    "Association": "AgGeorgia Farm Credit, ACA",
    "Branch": "Southern Div - Perry Branch",
    "Phone 1": "(478) 987-1434",
    "Phone 2": "",
    "Fax": "(478) 987-6322",
    "Address": "468 Perry Pkwy",
    "City": "Perry",
    "Zip": 31069
  },
  {
    "State": "GA",
    "County": "Brooks, Echols, Lowndes",
    "Association": "AgGeorgia Farm Credit, ACA",
    "Branch": "Southern Div - Quitman Branch",
    "Phone 1": "(229) 263-7551",
    "Phone 2": "",
    "Fax": "(229) 263-7553",
    "Address": "504 E. Screven St",
    "City": "Quitman",
    "Zip": 31643
  },
  {
    "State": "GA",
    "County": "Baldwin, Glascock, Hancock, Jefferson, Jones, Warren, Washington",
    "Association": "AgGeorgia Farm Credit, ACA",
    "Branch": "Southern Div - Sandersville Branch",
    "Phone 1": "(478) 552-6922",
    "Phone 2": "",
    "Fax": "(478) 552-8717",
    "Address": "775 Sparta Rd.",
    "City": "Sandersville",
    "Zip": 31082
  },
  {
    "State": "GA",
    "County": "Worth",
    "Association": "AgGeorgia Farm Credit, ACA",
    "Branch": "Southern Div - Sylvester Branch",
    "Phone 1": "(229) 776-5599",
    "Phone 2": "",
    "Fax": "(229) 776-0260",
    "Address": "105 Dexter Wilson Blvd",
    "City": "Sylvester",
    "Zip": 31791
  },
  {
    "State": "GA",
    "County": "Cook, Tift, Turner",
    "Association": "AgGeorgia Farm Credit, ACA",
    "Branch": "Southern Div - Tifton Branch",
    "Phone 1": "(229) 382-4300",
    "Phone 2": "",
    "Fax": "(229) 386-8671",
    "Address": "1807 King Rd",
    "City": "Tifton",
    "Zip": 31793
  },
  {
    "State": "GA",
    "County": "Burke, Columbia, Jefferson, McDuffie, Richmond",
    "Association": "AgGeorgia Farm Credit, ACA",
    "Branch": "Southern Div - Waynesboro Branch",
    "Phone 1": "(706) 554-2107",
    "Phone 2": "",
    "Fax": "(706) 554-1059",
    "Address": "176 GA-80",
    "City": "Waynesboro",
    "Zip": 30830
  },
  {
    "State": "GA",
    "County": "Appling, Bacon",
    "Association": "AgSouth Farm Credit, ACA",
    "Branch": "Baxley Branch",
    "Phone 1": "(912) 647-7006",
    "Phone 2": "",
    "Fax": "(912) 367-0990",
    "Address": "64 Heritage Street",
    "City": "Baxley",
    "Zip": 31513
  },
  {
    "State": "GA",
    "County": "Brantley, Camden, Charlton, Clinch, Pierce, Ware",
    "Association": "AgSouth Farm Credit, ACA",
    "Branch": "Blackshear Branch",
    "Phone 1": "(912) 449-4701",
    "Phone 2": "",
    "Fax": "(912) 449-1457",
    "Address": "111 Carter Ave",
    "City": "Blackshear",
    "Zip": 31516
  },
  {
    "State": "GA",
    "County": "Carroll, Douglas, Haralson, Heard",
    "Association": "AgSouth Farm Credit, ACA",
    "Branch": "Carrollton Branch",
    "Phone 1": "(770) 834-3319",
    "Phone 2": "",
    "Fax": "(770) 832-8982",
    "Address": "2520 Hwy 27 South",
    "City": "Carrollton",
    "Zip": 30117
  },
  {
    "State": "GA",
    "County": "Atkinson, Coffee, Jeff Davis",
    "Association": "AgSouth Farm Credit, ACA",
    "Branch": "Douglas Branch",
    "Phone 1": "(912) 384-3200",
    "Phone 2": "",
    "Fax": "(912) 384-2706",
    "Address": "204 Bowens Mill Road",
    "City": "Douglas",
    "Zip": 31533
  },
  {
    "State": "GA",
    "County": "Coweta, Harris, Meriwether, Muscogee, Talbot, Troup",
    "Association": "AgSouth Farm Credit, ACA",
    "Branch": "Greenville Branch",
    "Phone 1": "(706) 672-4285",
    "Phone 2": "",
    "Fax": "(706) 672-1193",
    "Address": "596 S. Talbotton St",
    "City": "Greenville",
    "Zip": 30222
  },
  {
    "State": "GA",
    "County": "Clayton, Fayette, Henry, Pike, Spalding",
    "Association": "AgSouth Farm Credit, ACA",
    "Branch": "Griffin Branch",
    "Phone 1": "(770) 228-8958",
    "Phone 2": "",
    "Fax": "(770) 228-8979",
    "Address": "1298 Enterprise Way",
    "City": "Griffin",
    "Zip": 30224
  },
  {
    "State": "GA",
    "County": "Glynn, Liberty, Long, McIntosh, Wayne",
    "Association": "AgSouth Farm Credit, ACA",
    "Branch": "Jesup Branch",
    "Phone 1": "(912) 530-7777",
    "Phone 2": "",
    "Fax": "(912) 530-6200",
    "Address": "855 Odum Highway",
    "City": "Jesup",
    "Zip": 31545
  },
  {
    "State": "GA",
    "County": "DeKalb, Fulton, Greene, Gwinnett, Jasper, Morgan, Newton, Oconee, Putnam, Rockdale, Walton",
    "Association": "AgSouth Farm Credit, ACA",
    "Branch": "Madison Branch",
    "Phone 1": "(706) 342-2352",
    "Phone 2": "",
    "Fax": "(706) 342-8117",
    "Address": "1691 Lions Club Road",
    "City": "Madison",
    "Zip": 30650
  },
  {
    "State": "GA",
    "County": "Bryan, Bulloch, Candler, Chatham, Emanuel, Evans, Jenkins",
    "Association": "AgSouth Farm Credit, ACA",
    "Branch": "Statesboro Branch",
    "Phone 1": "(912) 764-9091",
    "Phone 2": "",
    "Fax": "(912) 764-9546",
    "Address": "40 S. Main St",
    "City": "Statesboro",
    "Zip": 30458
  },
  {
    "State": "GA",
    "County": "Chatham, Effingham, Screven",
    "Association": "AgSouth Farm Credit, ACA",
    "Branch": "Sylvania Branch",
    "Phone 1": "(912) 564-2468",
    "Phone 2": "",
    "Fax": "(912) 564-2522",
    "Address": "302 Mins Road",
    "City": "Sylvania",
    "Zip": 30467
  },
  {
    "State": "GA",
    "County": "Butts, Lamar, Monroe, Upson",
    "Association": "AgSouth Farm Credit, ACA",
    "Branch": "Thomaston Branch",
    "Phone 1": "(706) 647-8991",
    "Phone 2": "",
    "Fax": "(706) 647-8271",
    "Address": "620 N. Church St",
    "City": "Thomaston",
    "Zip": 30286
  },
  {
    "State": "GA",
    "County": "Montgomery, Tattnall, Toombs, Wheeler",
    "Association": "AgSouth Farm Credit, ACA",
    "Branch": "Vidalia Branch",
    "Phone 1": "(912) 537-4135",
    "Phone 2": "",
    "Fax": "(912) 537-0631",
    "Address": "314 Commerce Way",
    "City": "Vidalia",
    "Zip": 30474
  },
  {
    "State": "SC",
    "County": "Aiken, Edgefield",
    "Association": "AgSouth Farm Credit, ACA",
    "Branch": "Aiken Branch",
    "Phone 1": "(803) 644-4977",
    "Phone 2": "",
    "Fax": "(803) 648-8315",
    "Address": "951 E Pine Log Rd",
    "City": "Aiken",
    "Zip": 29803
  },
  {
    "State": "SC",
    "County": "Allendale, Barnwell, Hampton, Abbeville, Anderson, Greenville, Oconee, Oconee, Pickens",
    "Association": "AgSouth Farm Credit, ACA",
    "Branch": "Allendale Branch",
    "Phone 1": "(803) 584-3474",
    "Phone 2": "",
    "Fax": "(803) 584-3224",
    "Address": "4930 Burton's Ferry Hwy",
    "City": "Allendale",
    "Zip": 29810
  },
  {
    "State": "SC",
    "County": "Lexington, Newberry, Saluda,",
    "Association": "AgSouth Farm Credit, ACA",
    "Branch": "Batesburg Branch",
    "Phone 1": "(803) 532-3841",
    "Phone 2": "",
    "Fax": "(803) 532-8202",
    "Address": "109 East Church Street",
    "City": "Batesburg-Leesville",
    "Zip": 29070
  },
  {
    "State": "SC",
    "County": "Fairfield, Kershaw, Richland",
    "Association": "AgSouth Farm Credit, ACA",
    "Branch": "Camden Branch",
    "Phone 1": "(803) 438-2464",
    "Phone 2": "",
    "Fax": "(803) 438-3032",
    "Address": "951 Highway 1 South",
    "City": "Lugoff",
    "Zip": 29078
  },
  {
    "State": "SC",
    "County": "Abbeville, Greenville, Greenwood, Laurens, McCormick",
    "Association": "AgSouth Farm Credit, ACA",
    "Branch": "Laurens Branch",
    "Phone 1": "(864) 984-3379",
    "Phone 2": "",
    "Fax": "(864) 984-2403",
    "Address": "306 Hillcrest Drive",
    "City": "Laurens",
    "Zip": 29360
  },
  {
    "State": "SC",
    "County": "Bamberg, Orangeburg",
    "Association": "AgSouth Farm Credit, ACA",
    "Branch": "Orangeburg Branch",
    "Phone 1": "(803) 534-6546",
    "Phone 2": "",
    "Fax": "(803) 536-9851",
    "Address": "1880 Joe S. Jeffords Hwy",
    "City": "Orangeburg",
    "Zip": 29115
  },
  {
    "State": "SC",
    "County": "Chester, Lancaster, York",
    "Association": "AgSouth Farm Credit, ACA",
    "Branch": "Rock Hill Branch",
    "Phone 1": "(803) 324-1131",
    "Phone 2": "",
    "Fax": "(803) 328-9272",
    "Address": "1321 Springdale Rd",
    "City": "Rock Hill",
    "Zip": 29730
  },
  {
    "State": "SC",
    "County": "Cherokee, Greenville, Spartanburg, Union",
    "Association": "AgSouth Farm Credit, ACA",
    "Branch": "Spartanburg Branch",
    "Phone 1": "(864) 585-0344",
    "Phone 2": "",
    "Fax": "(864) 585-8811",
    "Address": "101 North Town Drive",
    "City": "Spartanburg",
    "Zip": 29303
  },
  {
    "State": "SC",
    "County": "Calhoun",
    "Association": "AgSouth Farm Credit, ACA",
    "Branch": "St. Matthews Branch",
    "Phone 1": "(803) 874-3703",
    "Phone 2": "",
    "Fax": "(803) 874-4164",
    "Address": "2630 Colonel Thomson Hwy",
    "City": "St. Matthews",
    "Zip": 29135
  },
  {
    "State": "SC",
    "County": "Berkeley, Charleston, Dorchester",
    "Association": "AgSouth Farm Credit, ACA",
    "Branch": "Summerville Branch",
    "Phone 1": "(843) 821-6758",
    "Phone 2": "",
    "Fax": "(843) 821-6762",
    "Address": "702 Kate Lane",
    "City": "Summerville",
    "Zip": 29486
  },
  {
    "State": "SC",
    "County": "Beaufort, Colleton, Jasper",
    "Association": "AgSouth Farm Credit, ACA",
    "Branch": "Walterboro Branch",
    "Phone 1": "(843) 549-1584",
    "Phone 2": "",
    "Fax": "(843) 549-5134",
    "Address": "529 Bells Hwy",
    "City": "Walterboro",
    "Zip": 29488
  },
  {
    "State": "SC",
    "County": "Georgetown, Horry, Marion",
    "Association": "ArborOne Farm Credit, ACA",
    "Branch": "Conway Office",
    "Phone 1": "(843) 248-4214",
    "Phone 2": "",
    "Fax": "(843) 248-2786",
    "Address": "1720 Millpond Road",
    "City": "Conway",
    "Zip": 29526
  },
  {
    "State": "SC",
    "County": "Chesterfield, Darlington, Dillon, Florence, Horry, Lee, Marlboro, Williamsburg, Clarendon, Sumter",
    "Association": "ArborOne Farm Credit, ACA",
    "Branch": "Florence Office",
    "Phone 1": "(843) 662-1527",
    "Phone 2": "",
    "Fax": "(843) 669-3919",
    "Address": "800 Woody Jones Boulevard",
    "City": "Florence",
    "Zip": 29501
  },
  {
    "State": "NC",
    "County": "New Hanover, Pender",
    "Association": "Cape Fear Farm Credit, ACA",
    "Branch": "Burgaw Branch",
    "Phone 1": "(910) 259-5481",
    "Phone 2": "",
    "Fax": "(910) 259-4249",
    "Address": "811 South Walker St",
    "City": "Burgaw",
    "Zip": 28425
  },
  {
    "State": "NC",
    "County": "Sampson",
    "Association": "Cape Fear Farm Credit, ACA",
    "Branch": "Clinton Branch",
    "Phone 1": "(910) 592-8121",
    "Phone 2": "",
    "Fax": "(910) 592-2618",
    "Address": "1780 Southeast Blvd",
    "City": "Clinton",
    "Zip": 28328
  },
  {
    "State": "NC",
    "County": "Harnett",
    "Association": "Cape Fear Farm Credit, ACA",
    "Branch": "Commercial Loan Division",
    "Phone 1": "(910 892-4065",
    "Phone 2": "",
    "Fax": "(910) 892-0472",
    "Address": "400 W Broad St",
    "City": "Dunn",
    "Zip": 28335
  },
  {
    "State": "NC",
    "County": "Harnett",
    "Association": "Cape Fear Farm Credit, ACA",
    "Branch": "Dunn Branch",
    "Phone 1": "(910) 892-4065",
    "Phone 2": "",
    "Fax": "(910) 892-0472",
    "Address": "400 W. Broad St",
    "City": "Dunn",
    "Zip": 28334
  },
  {
    "State": "NC",
    "County": "Bladen",
    "Association": "Cape Fear Farm Credit, ACA",
    "Branch": "Elizabethtown Branch",
    "Phone 1": "(910) 862-4536",
    "Phone 2": "",
    "Fax": "(910) 862-4582",
    "Address": "108 N. Poplar St",
    "City": "Elizabethtown",
    "Zip": 28337
  },
  {
    "State": "NC",
    "County": "Cumberland",
    "Association": "Cape Fear Farm Credit, ACA",
    "Branch": "Fayetteville Branch",
    "Phone 1": "(910) 483-1404",
    "Phone 2": "",
    "Fax": "(910) 323-0685",
    "Address": "333 E. Russell St",
    "City": "Fayetteville",
    "Zip": 28301
  },
  {
    "State": "NC",
    "County": "Duplin",
    "Association": "Cape Fear Farm Credit, ACA",
    "Branch": "Kenansville Branch",
    "Phone 1": "(910) 296-1776",
    "Phone 2": "",
    "Fax": "(910) 296-1777",
    "Address": "127 Beasley St",
    "City": "Kenansville",
    "Zip": 28349
  },
  {
    "State": "NC",
    "County": "Harnett",
    "Association": "Cape Fear Farm Credit, ACA",
    "Branch": "Lillington Branch",
    "Phone 1": "(910) 893-8318",
    "Phone 2": "",
    "Fax": "(910) 893-3338",
    "Address": "105 E. Front St",
    "City": "Lillington",
    "Zip": 27546
  },
  {
    "State": "NC",
    "County": "Robeson",
    "Association": "Cape Fear Farm Credit, ACA",
    "Branch": "Lumberton Branch",
    "Phone 1": "(910) 738-8181",
    "Phone 2": "",
    "Fax": "(910) 738-7669",
    "Address": "1902 N. Cedar St",
    "City": "Lumberton",
    "Zip": 28358
  },
  {
    "State": "NC",
    "County": "Hoke",
    "Association": "Cape Fear Farm Credit, ACA",
    "Branch": "Raeford Branch",
    "Phone 1": "(910) 875-6181",
    "Phone 2": "",
    "Fax": "(910) 875-2762",
    "Address": "331 S. Main St",
    "City": "Raeford",
    "Zip": 28376
  },
  {
    "State": "NC",
    "County": "Columbus, Brunswick",
    "Association": "Cape Fear Farm Credit, ACA",
    "Branch": "Whiteville Branch",
    "Phone 1": "(910) 642-8041",
    "Phone 2": "",
    "Fax": "(910) 642-9009",
    "Address": "300 Liberty St",
    "City": "Whiteville",
    "Zip": 28472
  },
  {
    "State": "NC",
    "County": "Stanly, Anson",
    "Association": "Carolina Farm Credit, ACA",
    "Branch": "Albemarle Branch",
    "Phone 1": "(704) 983-2102",
    "Phone 2": "",
    "Fax": "(704) 983-2103",
    "Address": "620 N First St",
    "City": "Albemarle",
    "Zip": 28001
  },
  {
    "State": "NC",
    "County": "Randolph",
    "Association": "Carolina Farm Credit, ACA",
    "Branch": "Asheboro Branch",
    "Phone 1": "(336) 629-2141",
    "Phone 2": "",
    "Fax": "(336) 629-0460",
    "Address": "251 Rock Crusher Road",
    "City": "Asheboro",
    "Zip": 27203
  },
  {
    "State": "NC",
    "County": "Buncombe",
    "Association": "Carolina Farm Credit, ACA",
    "Branch": "Asheville Branch",
    "Phone 1": "(828) 670-9474",
    "Phone 2": "",
    "Fax": "(828) 667-0974",
    "Address": "701 Brevard Rd",
    "City": "Asheville",
    "Zip": 28806
  },
  {
    "State": "NC",
    "County": "Avery, Watauga",
    "Association": "Carolina Farm Credit, ACA",
    "Branch": "Boone Branch",
    "Phone 1": "(828) 264-5272",
    "Phone 2": "",
    "Fax": "(828) 264-7156",
    "Address": "181 Meadowview Dr",
    "City": "Boone",
    "Zip": 28607
  },
  {
    "State": "NC",
    "County": "Madison, Mitchell, Yancey",
    "Association": "Carolina Farm Credit, ACA",
    "Branch": "Burnsville Branch",
    "Phone 1": "(828) 682-6109",
    "Phone 2": "",
    "Fax": "(828) 682-4421",
    "Address": "502 W. Main St",
    "City": "Burnsville",
    "Zip": 28714
  },
  {
    "State": "NC",
    "County": "Lee, Moore",
    "Association": "Carolina Farm Credit, ACA",
    "Branch": "Carthage Branch",
    "Phone 1": "(910) 947-2466",
    "Phone 2": "",
    "Fax": "(910) 947-2005",
    "Address": "101 N. Ray St",
    "City": "Carthage",
    "Zip": 28327
  },
  {
    "State": "NC",
    "County": "Cabarrus, Mecklenburg",
    "Association": "Carolina Farm Credit, ACA",
    "Branch": "Concord Branch",
    "Phone 1": "(704) 786-0193",
    "Phone 2": "",
    "Fax": "(704) 786-0509",
    "Address": "371 Old Salisbury-Concord Rd",
    "City": "Concord",
    "Zip": 28025
  },
  {
    "State": "NC",
    "County": "Montgomery, Richmond",
    "Association": "Carolina Farm Credit, ACA",
    "Branch": "Ellerbe Branch",
    "Phone 1": "(910) 652-5551",
    "Phone 2": "",
    "Fax": "(910) 652-5552",
    "Address": "273 Second St",
    "City": "Ellerbe",
    "Zip": 28338
  },
  {
    "State": "NC",
    "County": "Alamance, Durham, Orange",
    "Association": "Carolina Farm Credit, ACA",
    "Branch": "Graham Branch",
    "Phone 1": "(336) 227-5531",
    "Phone 2": "",
    "Fax": "(336) 226-4281",
    "Address": "225 N. Main St",
    "City": "Graham",
    "Zip": 27253
  },
  {
    "State": "NC",
    "County": "Henderson, Transylvania",
    "Association": "Carolina Farm Credit, ACA",
    "Branch": "Hendersonville Branch",
    "Phone 1": "(828) 693-0272",
    "Phone 2": "",
    "Fax": "(828) 693-0274",
    "Address": "2549 Chimney Rock Hwy.,  US 64 East",
    "City": "Hendersonville",
    "Zip": 28792
  },
  {
    "State": "NC",
    "County": "Ashe",
    "Association": "Carolina Farm Credit, ACA",
    "Branch": "Jefferson Branch",
    "Phone 1": "(336) 246-8856",
    "Phone 2": "",
    "Fax": "(336) 246-7614",
    "Address": "507 E. Main St",
    "City": "Jefferson",
    "Zip": 28640
  },
  {
    "State": "NC",
    "County": "Burke, Caldwell",
    "Association": "Carolina Farm Credit, ACA",
    "Branch": "Lenoir Branch",
    "Phone 1": "(828) 758-9951",
    "Phone 2": "",
    "Fax": "(828) 754-2152",
    "Address": "332 Morganton Blvd",
    "City": "Lenoir",
    "Zip": 28645
  },
  {
    "State": "NC",
    "County": "Davidson",
    "Association": "Carolina Farm Credit, ACA",
    "Branch": "Lexington Branch",
    "Phone 1": "(336) 243-2136",
    "Phone 2": "",
    "Fax": "(336) 243-7474",
    "Address": "222 W. Center St",
    "City": "Lexington",
    "Zip": 27292
  },
  {
    "State": "NC",
    "County": "Gaston, Lincoln, Mecklenburg",
    "Association": "Carolina Farm Credit, ACA",
    "Branch": "Lincolnton Branch",
    "Phone 1": "(704) 735-0413",
    "Phone 2": "",
    "Fax": "(704) 735-6558",
    "Address": "813 West Highway 150",
    "City": "Lincolnton",
    "Zip": 28092
  },
  {
    "State": "NC",
    "County": "Mecklenburg, Union",
    "Association": "Carolina Farm Credit, ACA",
    "Branch": "Monroe Branch",
    "Phone 1": "(704) 289-6411",
    "Phone 2": "",
    "Fax": "(704) 289-6415",
    "Address": "604 Lancaster Ave",
    "City": "Monroe",
    "Zip": 28112
  },
  {
    "State": "NC",
    "County": "Cherokee, Clay, Graham, Macon, Swain",
    "Association": "Carolina Farm Credit, ACA",
    "Branch": "Murphy Branch",
    "Phone 1": "(828) 837-7436",
    "Phone 2": "",
    "Fax": "(828) 837-4379",
    "Address": "300 Hiawassie St",
    "City": "Murphy",
    "Zip": 28906
  },
  {
    "State": "NC",
    "County": "Catawba",
    "Association": "Carolina Farm Credit, ACA",
    "Branch": "Conover Branch",
    "Phone 1": "(828) 464-4342",
    "Phone 2": "",
    "Fax": "(828) 464-4345",
    "Address": "1109 Conover Blvd. E",
    "City": "Conover",
    "Zip": 28613
  },
  {
    "State": "NC",
    "County": "Stokes, Surry",
    "Association": "Carolina Farm Credit, ACA",
    "Branch": "Pilot Mountain Branch",
    "Phone 1": "(336) 368-4761",
    "Phone 2": "",
    "Fax": "(336) 368-1116",
    "Address": "628 S. Key St",
    "City": "Pilot Mountain",
    "Zip": 27041
  },
  {
    "State": "NC",
    "County": "Rockingham, Guilford",
    "Association": "Carolina Farm Credit, ACA",
    "Branch": "Brown Summit",
    "Phone 1": "(336) 656-4740",
    "Phone 2": "",
    "Fax": "(336) 656-4742",
    "Address": "4960 Oldway Road",
    "City": "Brown Summit",
    "Zip": 27214
  },
  {
    "State": "NC",
    "County": "Person",
    "Association": "Carolina Farm Credit, ACA",
    "Branch": "Roxboro Branch",
    "Phone 1": "(336) 599-0141",
    "Phone 2": "",
    "Fax": "(336) 599-9661",
    "Address": "607 Leasburg Rd",
    "City": "Roxboro",
    "Zip": 27573
  },
  {
    "State": "NC",
    "County": "Rowan",
    "Association": "Carolina Farm Credit, ACA",
    "Branch": "Salisbury Branch",
    "Phone 1": "(704) 637-2380",
    "Phone 2": "",
    "Fax": "(704) 637-2383",
    "Address": "2810 Statesville Blvd",
    "City": "Salisbury",
    "Zip": 28147
  },
  {
    "State": "NC",
    "County": "Cleveland",
    "Association": "Carolina Farm Credit, ACA",
    "Branch": "Shelby Branch",
    "Phone 1": "(704) 482-6321",
    "Phone 2": "",
    "Fax": "(704) 482-6322",
    "Address": "1216 Fallston Road",
    "City": "Shelby",
    "Zip": 28150
  },
  {
    "State": "NC",
    "County": "Chatham",
    "Association": "Carolina Farm Credit, ACA",
    "Branch": "Siler City Branch",
    "Phone 1": "(919) 742-2189",
    "Phone 2": "",
    "Fax": "(919) 742-2832",
    "Address": "225  E. Beaver St",
    "City": "Siler City",
    "Zip": 27344
  },
  {
    "State": "NC",
    "County": "Alleghany",
    "Association": "Carolina Farm Credit, ACA",
    "Branch": "Sparta Branch",
    "Phone 1": "(336) 372-8587",
    "Phone 2": "",
    "Fax": "(336) 372-2979",
    "Address": "330 N. Main St",
    "City": "Sparta",
    "Zip": 28675
  },
  {
    "State": "NC",
    "County": "McDowell, Polk, Rutherford",
    "Association": "Carolina Farm Credit, ACA",
    "Branch": "Spindale Branch",
    "Phone 1": "(828) 286-9183",
    "Phone 2": "",
    "Fax": "(828) 287-8057",
    "Address": "405 Oak St",
    "City": "Spindale",
    "Zip": 28160
  },
  {
    "State": "NC",
    "County": "Iredell",
    "Association": "Carolina Farm Credit, ACA",
    "Branch": "Statesville Branch",
    "Phone 1": "(704) 873-1761",
    "Phone 2": "",
    "Fax": "(704) 873-1765",
    "Address": "1704 Wilkesboro Hwy",
    "City": "Statesville",
    "Zip": 28677
  },
  {
    "State": "NC",
    "County": "Alexander",
    "Association": "Carolina Farm Credit, ACA",
    "Branch": "Taylorsville Branch",
    "Phone 1": "(828) 632-8121",
    "Phone 2": "",
    "Fax": "(828) 632-7047",
    "Address": "1218 NC Hwy. 90 West",
    "City": "Taylorsville",
    "Zip": 28681
  },
  {
    "State": "NC",
    "County": "Haywood, Jackson",
    "Association": "Carolina Farm Credit, ACA",
    "Branch": "Waynesville Branch",
    "Phone 1": "(828) 452-1418",
    "Phone 2": "",
    "Fax": "(828) 452-0390",
    "Address": "1510 Asheville Rd",
    "City": "Waynesville",
    "Zip": 28786
  },
  {
    "State": "NC",
    "County": "Wilkes",
    "Association": "Carolina Farm Credit, ACA",
    "Branch": "Wilkesboro Branch",
    "Phone 1": "(336) 838-4107",
    "Phone 2": "",
    "Fax": "(336) 838-4414",
    "Address": "902 Curtis Bridge Rd",
    "City": "Wilkesboro",
    "Zip": 28697
  },
  {
    "State": "NC",
    "County": "Forsyth, Stokes",
    "Association": "Carolina Farm Credit, ACA",
    "Branch": "Rural Hall Branch",
    "Phone 1": "(336) 969-2030",
    "Phone 2": "",
    "Fax": "(336) 969-1979",
    "Address": "340 Bethania Rural Hall Road",
    "City": "Rurah Hall",
    "Zip": 27045
  },
  {
    "State": "NC",
    "County": "Yadkin, Davie,",
    "Association": "Carolina Farm Credit, ACA",
    "Branch": "Yadkinville Branch",
    "Phone 1": "(336) 679-2013",
    "Phone 2": "",
    "Fax": "(336) 679-7880",
    "Address": "1001 S. State St",
    "City": "Yadkinville",
    "Zip": 27055
  },
  {
    "State": "NC",
    "County": "Caswell",
    "Association": "Carolina Farm Credit, ACA",
    "Branch": "Yanceyville Branch",
    "Phone 1": "(336) 694-4622",
    "Phone 2": "",
    "Fax": "(336) 694-5853",
    "Address": "1159 NC 86 North",
    "City": "Yanceyville",
    "Zip": 27379
  },
  {
    "State": "KY",
    "County": "Boyle, Mercer",
    "Association": "Central Kentucky ACA",
    "Branch": "Danville Branch",
    "Phone 1": "(859) 236-6570",
    "Phone 2": "",
    "Fax": "(859) 236-6447",
    "Address": "485 N. Danville By Pass",
    "City": "Danville",
    "Zip": 40422
  },
  {
    "State": "KY",
    "County": "Anderson, Franklin",
    "Association": "Central Kentucky ACA",
    "Branch": "Frankfort Branch",
    "Phone 1": "(502) 875-0863",
    "Phone 2": "",
    "Fax": "(502) 227-8170",
    "Address": "1120 US Highway 127 S",
    "City": "Frankfort",
    "Zip": 40601
  },
  {
    "State": "KY",
    "County": "Marion, Washington",
    "Association": "Central Kentucky ACA",
    "Branch": "Lebanon Branch",
    "Phone 1": "(270) 692-4411",
    "Phone 2": "",
    "Fax": "(270) 692-2689",
    "Address": "842 W. Main",
    "City": "Lebanon",
    "Zip": 40033
  },
  {
    "State": "KY",
    "County": "Clark, Fayette, Jessamine, Scott, Woodford",
    "Association": "Central Kentucky ACA",
    "Branch": "Lexington Branch",
    "Phone 1": "(859) 252-4717",
    "Phone 2": "",
    "Fax": "(859) 253-1289",
    "Address": "640 S. Broadway",
    "City": "Lexington",
    "Zip": 40508
  },
  {
    "State": "KY",
    "County": "Bourbon, Clark, Harrison, Montgomery, Scott",
    "Association": "Central Kentucky ACA",
    "Branch": "Paris Branch",
    "Phone 1": "(859) 987-4344",
    "Phone 2": "",
    "Fax": "(859) 987-4384",
    "Address": "201 Commerce Drive",
    "City": "Paris",
    "Zip": 40361
  },
  {
    "State": "KY",
    "County": "Madison",
    "Association": "Central Kentucky ACA",
    "Branch": "Richmond Branch",
    "Phone 1": "(859) 623-1624",
    "Phone 2": "",
    "Fax": "(859) 623-3156",
    "Address": "1000 Ival James Blvd.",
    "City": "Richmond",
    "Zip": 40475
  },
  {
    "State": "KY",
    "County": "Garrard, Lincoln",
    "Association": "Central Kentucky ACA",
    "Branch": "Stanford Branch",
    "Phone 1": "(606) 365-7500",
    "Phone 2": "",
    "Fax": "(606) 365-9584",
    "Address": "106 Agriculture Way",
    "City": "Stanford",
    "Zip": 40484
  },
  {
    "State": "MD",
    "County": "Anne Arundel, Calvert, Charles, Prince Georges, St. Marys",
    "Association": "Colonial Farm Credit",
    "Branch": "Hughesville Office",
    "Phone 1": "(301) 274-3167",
    "Phone 2": "",
    "Fax": "",
    "Address": "7431 Leonardtown Rd",
    "City": "Hughesville",
    "Zip": 20637
  },
  {
    "State": "VA",
    "County": "Chesapeake, Virginia Beach",
    "Association": "Colonial Farm Credit",
    "Branch": "Chesapeake Office",
    "Phone 1": "(757) 482-1414",
    "Phone 2": "",
    "Fax": "",
    "Address": "135 Hanbury Road West, Suite C-2",
    "City": "Chesapeake",
    "Zip": 23322
  },
  {
    "State": "VA",
    "County": "Greensville, Southampton",
    "Association": "Colonial Farm Credit",
    "Branch": "Courtland Office",
    "Phone 1": "(757) 653-2600",
    "Phone 2": "",
    "Fax": "",
    "Address": "22323 Main St",
    "City": "Courtland",
    "Zip": 23837
  },
  {
    "State": "VA",
    "County": "Dinwiddie",
    "Association": "Colonial Farm Credit",
    "Branch": "Dinwiddie Office",
    "Phone 1": "(804) 469-7055",
    "Phone 2": "",
    "Fax": "",
    "Address": "13915 Boydton Plank Rd, Ste B",
    "City": "Dinwiddie",
    "Zip": 23841
  },
  {
    "State": "VA",
    "County": "Amelia, Buckingham, Charlotte, Cumberland, Nottoway, Prince Edward",
    "Association": "Colonial Farm Credit",
    "Branch": "Farmville Office",
    "Phone 1": "(434) 392-3193",
    "Phone 2": "",
    "Fax": "",
    "Address": "1700 S. Main St",
    "City": "Farmville",
    "Zip": 23901
  },
  {
    "State": "VA",
    "County": "Fluvanna, Goochland, Louisa",
    "Association": "Colonial Farm Credit",
    "Branch": "Goochland Office",
    "Phone 1": "(804) 556-5723",
    "Phone 2": "",
    "Fax": "",
    "Address": "3064 River Road West, Suite E",
    "City": "Goochland",
    "Zip": 23063
  },
  {
    "State": "VA",
    "County": "Amherst, Appomattox, Campbell",
    "Association": "Colonial Farm Credit",
    "Branch": "Lynchburg Office",
    "Phone 1": "(434) 237-7910",
    "Phone 2": "",
    "Fax": "",
    "Address": "22776 Timberlake Road, Suite A",
    "City": "Lynchburg",
    "Zip": 24502
  },
  {
    "State": "VA",
    "County": "Henrico, Chesterfield, Hanover, King William, Powhatan",
    "Association": "Colonial Farm Credit",
    "Branch": "Mechanicsville Office",
    "Phone 1": "(804) 746-1252",
    "Phone 2": "",
    "Fax": "",
    "Address": "7104 Mechanicsville Tnpk",
    "City": "Mechanicsville",
    "Zip": 23111
  },
  {
    "State": "VA",
    "County": "Brunswick, Lunenburg, Mecklenburg",
    "Association": "Colonial Farm Credit",
    "Branch": "South Hill Office",
    "Phone 1": "(434) 447-7148",
    "Phone 2": "",
    "Fax": "",
    "Address": "201 E. Danville St",
    "City": "South Hill",
    "Zip": 23970
  },
  {
    "State": "VA",
    "County": "Caroline, Essex, King and Queen, King George, Lancaster, Northumberland, Richmond, Westmoreland",
    "Association": "Colonial Farm Credit",
    "Branch": "Tappahannock Office",
    "Phone 1": "(804) 443-3351",
    "Phone 2": "",
    "Fax": "",
    "Address": "135 Queen St",
    "City": "Tappahannock",
    "Zip": 22560
  },
  {
    "State": "VA",
    "County": "Prince George, Surry, Sussex",
    "Association": "Colonial Farm Credit",
    "Branch": "Waverly Office",
    "Phone 1": "(804) 834-3931",
    "Phone 2": "",
    "Fax": "",
    "Address": "428 E. Main St",
    "City": "Waverly",
    "Zip": 23890
  },
  {
    "State": "VA",
    "County": "Charles City, Gloucester, James City, Mathews, Middlesex, New Kent, Newport News, York",
    "Association": "Colonial Farm Credit",
    "Branch": "West Point Office",
    "Phone 1": "(804) 843-2727",
    "Phone 2": "",
    "Fax": "",
    "Address": "18639 Eltham Rd",
    "City": "West Point",
    "Zip": 23181
  },
  {
    "State": "VA",
    "County": "City of Suffolk, Isle of Wight, Suffolk",
    "Association": "Colonial Farm Credit",
    "Branch": "Windsor Office",
    "Phone 1": "(757) 242-6166",
    "Phone 2": "",
    "Fax": "",
    "Address": "11295 Windsor Blvd",
    "City": "Windsor",
    "Zip": 23487
  },
  {
    "State": "FL",
    "County": "Brevard, Citrus, Hernando, Hillsborough, Lake, Orange, Osceola, Pasco, Pinellas, Polk, Seminole, Sumter, Volusia",
    "Association": "Farm Credit of Central Florida, ACA",
    "Branch": "Agri-Business Lending Group",
    "Phone 1": "(863) 682-4117",
    "Phone 2": "",
    "Fax": "(863) 688-9364",
    "Address": "115 S Missouri Ave Suite 400",
    "City": "Lakeland",
    "Zip": 33815
  },
  {
    "State": "FL",
    "County": "Brevard, Lake, Orange, Seminole, Volusia",
    "Association": "Farm Credit of Central Florida, ACA",
    "Branch": "Apopka Branch",
    "Phone 1": "(407) 880-7883",
    "Phone 2": "",
    "Fax": "(407) 880-7980",
    "Address": "57 E. Third St",
    "City": "Apopka",
    "Zip": 32703
  },
  {
    "State": "FL",
    "County": "Citrus, Hernando, Pasco, Sumter",
    "Association": "Farm Credit of Central Florida, ACA",
    "Branch": "Brooksville Branch",
    "Phone 1": "(352) 544-5553",
    "Phone 2": "",
    "Fax": "(352) 544-5583",
    "Address": "31081 Cortez Blvd.",
    "City": "Brooksville",
    "Zip": 34602
  },
  {
    "State": "FL",
    "County": "Osceola, Polk",
    "Association": "Farm Credit of Central Florida, ACA",
    "Branch": "Lakeland Branch",
    "Phone 1": "(863) 682-4117",
    "Phone 2": "",
    "Fax": "(863) 688-9364",
    "Address": "115 S Missouri Ave Suite 400",
    "City": "Lakeland",
    "Zip": 33815
  },
  {
    "State": "FL",
    "County": "Hillsborough, Pinellas",
    "Association": "Farm Credit of Central Florida, ACA",
    "Branch": "Plant City Branch",
    "Phone 1": "(813) 719-7341",
    "Phone 2": "",
    "Fax": "(813) 719-7160",
    "Address": "2301 Thonotosassa Rd",
    "City": "Plant City",
    "Zip": 33563
  },
  {
    "State": "FL",
    "County": "Hamilton, Columbia, Baker, Union, Suwannee, Levy, Lafayette, Dixie, Clay, Duval, Flagler, Gilchrist, Nassau, Bradford, Alachua, Marion, Putnam, St. Johns",
    "Association": "Farm Credit of Florida, ACA",
    "Branch": "Commercial Loan Branch",
    "Phone 1": "(386) 462-4201",
    "Phone 2": "",
    "Fax": "(386) 462-5040",
    "Address": "12300 US Hwy 441",
    "City": "Alachua",
    "Zip": 32615
  },
  {
    "State": "FL",
    "County": "Alachua, Bradford, Baker, Union",
    "Association": "Farm Credit of Florida, ACA",
    "Branch": "Alachua Branch",
    "Phone 1": "(386) 462-4201",
    "Phone 2": "",
    "Fax": "(386) 462-5040",
    "Address": "12300 US Hwy 441",
    "City": "Alachua",
    "Zip": 32615
  },
  {
    "State": "FL",
    "County": "Charlotte, Collier, DeSoto, Hendry, Lee, Sarasota",
    "Association": "Farm Credit of Florida, ACA",
    "Branch": "Arcadia Branch",
    "Phone 1": "(863) 494-0550",
    "Phone 2": "",
    "Fax": "(863) 494-5120",
    "Address": "340 N. Brevard Ave",
    "City": "Arcadia",
    "Zip": 34266
  },
  {
    "State": "FL",
    "County": "Miami-Dade, Monroe",
    "Association": "Farm Credit of Florida, ACA",
    "Branch": "Homestead Branch",
    "Phone 1": "(305) 248-6080",
    "Phone 2": "",
    "Fax": "(305) 248-6161",
    "Address": "24700 S.W. 177th Ave",
    "City": "Homestead",
    "Zip": 33031
  },
  {
    "State": "FL",
    "County": "Columbia, Hamilton, Lafayette, Suwannee",
    "Association": "Farm Credit of Florida, ACA",
    "Branch": "Live Oak Branch",
    "Phone 1": "(904) 362-2588",
    "Phone 2": "",
    "Fax": "(904) 362-6699",
    "Address": "1606 Canyon Ave.",
    "City": "Live Oak",
    "Zip": 32064
  },
  {
    "State": "FL",
    "County": "Marion",
    "Association": "Farm Credit of Florida, ACA",
    "Branch": "Ocala Branch",
    "Phone 1": "(352) 622-4188",
    "Phone 2": "",
    "Fax": "(352) 629-8057",
    "Address": "5075 N.W. Blitchton Rd",
    "City": "Ocala",
    "Zip": 34482
  },
  {
    "State": "FL",
    "County": "Martin, Okeechobee",
    "Association": "Farm Credit of Florida, ACA",
    "Branch": "Okeechobee Branch",
    "Phone 1": "(863) 763-6466",
    "Phone 2": "",
    "Fax": "(863) 763-7230",
    "Address": "403 N.W. 6th St",
    "City": "Okeechobee",
    "Zip": 34972
  },
  {
    "State": "FL",
    "County": "Clay, Duval, Flagler, Nassau, Putnam, St. Johns",
    "Association": "Farm Credit of Florida, ACA",
    "Branch": "Palatka Branch",
    "Phone 1": "(386) 328-2744",
    "Phone 2": "",
    "Fax": "(386) 325-5529",
    "Address": "309 N. 2nd St",
    "City": "Palatka",
    "Zip": 32177
  },
  {
    "State": "FL",
    "County": "Dixie, Gilchrist, Levy",
    "Association": "Farm Credit of Florida, ACA",
    "Branch": "Trenton Branch",
    "Phone 1": "(352) 463-2376",
    "Phone 2": "",
    "Fax": "(352) 463-7416",
    "Address": "721 S. Main St",
    "City": "Trenton",
    "Zip": 32693
  },
  {
    "State": "FL",
    "County": "Indian River, St. Lucie",
    "Association": "Farm Credit of Florida, ACA",
    "Branch": "Vero Beach Branch",
    "Phone 1": "(772) 770-2535",
    "Phone 2": "",
    "Fax": "(772) 770-6105",
    "Address": "7150 20th St.",
    "City": "Vero Beach",
    "Zip": 32966
  },
  {
    "State": "FL",
    "County": "Hardee, Highlands, Glades, Manatee",
    "Association": "Farm Credit of Florida, ACA",
    "Branch": "Wauchula Branch",
    "Phone 1": "(863) 773-3201",
    "Phone 2": "",
    "Fax": "(863) 773-0566",
    "Address": "1311 U.S. Hwy. 17 North",
    "City": "Wauchula",
    "Zip": 33873
  },
  {
    "State": "FL",
    "County": "Broward, Palm Beach",
    "Association": "Farm Credit of Florida, ACA",
    "Branch": "West Palm Beach Branch",
    "Phone 1": "(561) 965-9001",
    "Phone 2": "",
    "Fax": "(561) 965-9099",
    "Address": "11903 Southern Blvd.",
    "City": "West Palm Beach",
    "Zip": 33411
  },
  {
    "State": "FL",
    "County": "Holmes, Bay, Calhoun, Gulf, Jackson, Washington",
    "Association": "Farm Credit of Northwest Florida, ACA",
    "Branch": "Marianna Branch",
    "Phone 1": "(850) 526-4910",
    "Phone 2": "",
    "Fax": "(850) 482-6597",
    "Address": "5052 Highway 90 East",
    "City": "Marianna",
    "Zip": 32446
  },
  {
    "State": "FL",
    "County": "Okaloosa, Walton, Escambia, Santa Rosa",
    "Association": "Farm Credit of Northwest Florida, ACA",
    "Branch": "Milton Branch",
    "Phone 1": "(850) 623-0407",
    "Phone 2": "",
    "Fax": "(850) 623-4993",
    "Address": "5336 Stewart St.",
    "City": "Milton",
    "Zip": 32570
  },
  {
    "State": "FL",
    "County": "Madison, Taylor, Jefferson",
    "Association": "Farm Credit of Northwest Florida, ACA",
    "Branch": "Monticello Branch",
    "Phone 1": "(850) 977-3545",
    "Phone 2": "",
    "Fax": "(850) 977-5039",
    "Address": "925 W. Washington St.",
    "City": "Monticello",
    "Zip": 32344
  },
  {
    "State": "FL",
    "County": "Liberty, Franklin, Gadsden, Leon, Wakulla",
    "Association": "Farm Credit of Northwest Florida, ACA",
    "Branch": "Tallahassee Branch",
    "Phone 1": "(850) 656-2920",
    "Phone 2": "",
    "Fax": "(850) 656-3272",
    "Address": "3323 Thomasville Road",
    "City": "Tallahasee",
    "Zip": 32308
  },
  {
    "State": "MD",
    "County": "Allegany, Garrett, Monongalia, Preston",
    "Association": "Farm Credit of the Virginias, ACA",
    "Branch": "Oakland Branch",
    "Phone 1": "(301) 334-8542",
    "Phone 2": "",
    "Fax": "(301) 334-8544",
    "Address": "13195 Garrett Hwy",
    "City": "Oakland",
    "Zip": 21550
  },
  {
    "State": "VA",
    "County": "Buchanan, Russell, Smyth, Tazewell, Washington",
    "Association": "Farm Credit of the Virginias, ACA",
    "Branch": "Abingdon Branch",
    "Phone 1": "(276) 628-5191",
    "Phone 2": "",
    "Fax": "(276) 628-1695",
    "Address": "19292 Lee Hwy",
    "City": "Abingdon",
    "Zip": 24210
  },
  {
    "State": "VA",
    "County": "Bedford",
    "Association": "Farm Credit of the Virginias, ACA",
    "Branch": "Bedford Branch",
    "Phone 1": "(540) 586-2188",
    "Phone 2": "",
    "Fax": "(540) 586-2189",
    "Address": "1356-B American Way Court",
    "City": "Bedford",
    "Zip": 24523
  },
  {
    "State": "VA",
    "County": "Albemarle",
    "Association": "Farm Credit of the Virginias, ACA",
    "Branch": "Charlottesville Branch",
    "Phone 1": "(434) 977-6718",
    "Phone 2": "",
    "Fax": "(434) 977-6719",
    "Address": "1445 East Rio Road, Suite 103",
    "City": "Charlottesville",
    "Zip": 22901
  },
  {
    "State": "VA",
    "County": "Pittsylvania, Patrick, Henry",
    "Association": "Farm Credit of the Virginias, ACA",
    "Branch": "Chatham Branch",
    "Phone 1": "(434) 432-4641",
    "Phone 2": "",
    "Fax": "(434) 432-4642",
    "Address": "29 Military Dr",
    "City": "Chatham",
    "Zip": 24531
  },
  {
    "State": "VA",
    "County": "Culpeper, Madison",
    "Association": "Farm Credit of the Virginias, ACA",
    "Branch": "Culpeper Branch",
    "Phone 1": "(540) 825-6686",
    "Phone 2": "",
    "Fax": "(540) 825-5810",
    "Address": "15574 Ira Hoffman Lane",
    "City": "Culpeper",
    "Zip": 22701
  },
  {
    "State": "VA",
    "County": "Dickenson, Lee, Scott, Wise, Tazewell",
    "Association": "Farm Credit of the Virginias, ACA",
    "Branch": "Gate City Branch",
    "Phone 1": "(276) 386-6551",
    "Phone 2": "",
    "Fax": "(276) 386-2532",
    "Address": "268 East Jackson Street",
    "City": "Gate City",
    "Zip": 24251
  },
  {
    "State": "VA",
    "County": "Halifax",
    "Association": "Farm Credit of the Virginias, ACA",
    "Branch": "Halifax Branch",
    "Phone 1": "(434) 476-6533",
    "Phone 2": "",
    "Fax": "(434) 476-6534",
    "Address": "161 S. Main St",
    "City": "Halifax",
    "Zip": 24558
  },
  {
    "State": "VA",
    "County": "Rockingham",
    "Association": "Farm Credit of the Virginias, ACA",
    "Branch": "Harrisonburg Branch",
    "Phone 1": "(540) 434-5385",
    "Phone 2": "",
    "Fax": "(540) 434-5220",
    "Address": "4646 South Valley Pike",
    "City": "Harrisonburg",
    "Zip": 22801
  },
  {
    "State": "VA",
    "County": "Arlington, Fairfax, Loudoun",
    "Association": "Farm Credit of the Virginias, ACA",
    "Branch": "Leesburg Branch",
    "Phone 1": "(703) 777-3311",
    "Phone 2": "",
    "Fax": "(703) 771-9210",
    "Address": "27 Fort Evans Rd., N.E.",
    "City": "Leesburg",
    "Zip": 20176
  },
  {
    "State": "VA",
    "County": "Rockbridge",
    "Association": "Farm Credit of the Virginias, ACA",
    "Branch": "Lexington Branch",
    "Phone 1": "(540) 463-5255",
    "Phone 2": "",
    "Fax": "(540) 463-2219",
    "Address": "152 Maury River Rd",
    "City": "Lexington",
    "Zip": 24450
  },
  {
    "State": "VA",
    "County": "Greene, Orange, Spotsylvania",
    "Association": "Farm Credit of the Virginias, ACA",
    "Branch": "Orange Branch",
    "Phone 1": "(540) 672-3644",
    "Phone 2": "",
    "Fax": "(540) 672-3911",
    "Address": "13284 James Madison Hwy",
    "City": "Orange",
    "Zip": 22960
  },
  {
    "State": "VA",
    "County": "Alleghany, Botetourt, Craig, Roanoke, Floyd",
    "Association": "Farm Credit of the Virginias, ACA",
    "Branch": "Roanoke Branch",
    "Phone 1": "(540) 977-5707",
    "Phone 2": "",
    "Fax": "(540) 977-0084",
    "Address": "38 Murray Farm Rd., Ste. 2",
    "City": "Roanoke",
    "Zip": 24019
  },
  {
    "State": "VA",
    "County": "Franklin, Henry",
    "Association": "Farm Credit of the Virginias, ACA",
    "Branch": "Rocky Mount Branch",
    "Phone 1": "(540) 483-4572",
    "Phone 2": "",
    "Fax": "(540) 483-5726",
    "Address": "670 Old Franklin Turnpike",
    "City": "Rocky Mount",
    "Zip": 24151
  },
  {
    "State": "VA",
    "County": "Augusta, Bath, Highland, Nelson",
    "Association": "Farm Credit of the Virginias, ACA",
    "Branch": "Verona Branch",
    "Phone 1": "(540) 248-0365",
    "Phone 2": "",
    "Fax": "(540) 248-0366",
    "Address": "1557 Commerce Road, Ste. 202",
    "City": "Verona",
    "Zip": 24482
  },
  {
    "State": "VA",
    "County": "Fauquier, Prince William, Rappahannock, Stafford",
    "Association": "Farm Credit of the Virginias, ACA",
    "Branch": "Warrenton Branch",
    "Phone 1": "(540) 347-3344",
    "Phone 2": "",
    "Fax": "(540) 349-9051",
    "Address": "516 Fauquier Rd",
    "City": "Warrenton",
    "Zip": 20186
  },
  {
    "State": "VA",
    "County": "Bland, Carroll, Tazewell, Giles, Grayson, Montgomery, Pulaski, Wythe",
    "Association": "Farm Credit of the Virginias, ACA",
    "Branch": "Wytheville Branch",
    "Phone 1": "(276) 228-8666",
    "Phone 2": "",
    "Fax": "(276) 228-8186",
    "Address": "660 Peppers Ferry Rd",
    "City": "Wytheville",
    "Zip": 24382
  },
  {
    "State": "WV",
    "County": "Barbour, Braxton, Doddridge, Gilmer, Harrison, Lewis, Marion, Randolph, Ritchie, Taylor, Tucker, Tyler, Upshur, Webster, Wetzel",
    "Association": "Farm Credit of the Virginias, ACA",
    "Branch": "Clarksburg Branch",
    "Phone 1": "(304) 624-5551",
    "Phone 2": "",
    "Fax": "(304) 624-7197",
    "Address": "4579 Buckhannon Pike, Suite 102",
    "City": "Mt. Clare",
    "Zip": 26408
  },
  {
    "State": "WV",
    "County": "Fayette, Greenbrier, McDowell, Mercer, Monroe, Nicholas, Pocahontas, Raleigh, Summers, Wyoming",
    "Association": "Farm Credit of the Virginias, ACA",
    "Branch": "Lewisburg Branch",
    "Phone 1": "(304) 645-1575",
    "Phone 2": "",
    "Fax": "(304) 645-1607",
    "Address": "14428 Seneca Trail N.",
    "City": "Lewisburg",
    "Zip": 24901
  },
  {
    "State": "WV",
    "County": "Grant, Hardy, Pendleton",
    "Association": "Farm Credit of the Virginias, ACA",
    "Branch": "Moorefield Branch",
    "Phone 1": "(304) 538-7224",
    "Phone 2": "",
    "Fax": "(304) 538-6534",
    "Address": "550 South Main Street",
    "City": "Moorefield",
    "Zip": 26836
  },
  {
    "State": "WV",
    "County": "Boone, Cabell, Calhoun, Clay, Jackson, Kanawha, Lincoln, Logan, Mason, Mingo, Pleasants, Putnam, Roane, Wayne, Wirt, Wood",
    "Association": "Farm Credit of the Virginias, ACA",
    "Branch": "Ripley Branch",
    "Phone 1": "(304) 372-5671",
    "Phone 2": "",
    "Fax": "(304) 372-8994",
    "Address": "2112 Ripley Road",
    "City": "Ripley",
    "Zip": 25271
  },
  {
    "State": "WV",
    "County": "Hampshire, Mineral",
    "Association": "Farm Credit of the Virginias, ACA",
    "Branch": "Romney Branch",
    "Phone 1": "(304) 822-4414",
    "Phone 2": "",
    "Fax": "(304) 822-4376",
    "Address": "452 N High St",
    "City": "Romney",
    "Zip": 26757
  },
  {
    "State": "AL",
    "County": "Marshall,Cherokee,DeKalb,Etowah,Jackson",
    "Association": "First South ACA",
    "Branch": "North Alabama - Albertville Branch",
    "Phone 1": "(256) 878-8308",
    "Phone 2": "",
    "Fax": "(256) 891-1150",
    "Address": "320 Alabama Hwy. 75, N",
    "City": "Albertville",
    "Zip": 35951
  },
  {
    "State": "AL",
    "County": "Calhoun,Clay,Cleburne,Randolph,St. Clair,Talladega",
    "Association": "First South ACA",
    "Branch": "North Alabama - Oxford Branch",
    "Phone 1": "(256) 831-6778",
    "Phone 2": "",
    "Fax": "(256) 831-6882",
    "Address": "2341 Alabama Hwy. 21 South",
    "City": "Oxford",
    "Zip": 36203
  },
  {
    "State": "AL",
    "County": "Limestone,Madison",
    "Association": "First South ACA",
    "Branch": "North Alabama - Athens Branch",
    "Phone 1": "(256) 232-5710",
    "Phone 2": "",
    "Fax": "(256) 232-2511",
    "Address": "30035 US Hwy. 72 West",
    "City": "Madison",
    "Zip": 35757
  },
  {
    "State": "AL",
    "County": "Jefferson,Shelby",
    "Association": "First South ACA",
    "Branch": "North Alabama - Birmingham Branch",
    "Phone 1": "(205) 970-6030",
    "Phone 2": "",
    "Fax": "",
    "Address": "One Perimeter Park South, Suite 100N",
    "City": "Birmingham",
    "Zip": 35243
  },
  {
    "State": "AL",
    "County": "Cullman,Blount,Morgan",
    "Association": "First South ACA",
    "Branch": "North Alabama - Cullman Branch",
    "Phone 1": "(256) 734-0133",
    "Phone 2": "",
    "Fax": "(256) 734-0164",
    "Address": "1824 Eva Rd. N.E.",
    "City": "Cullman",
    "Zip": 35055
  },
  {
    "State": "AL",
    "County": "Marengo,Choctaw,Greene,Hale,Perry,Sumter",
    "Association": "First South ACA",
    "Branch": "North Alabama - Demopolis Branch",
    "Phone 1": "(334) 289-3280",
    "Phone 2": "",
    "Fax": "(334) 289-1420",
    "Address": "700 Hwy. 80 West",
    "City": "Demopolis",
    "Zip": 36732
  },
  {
    "State": "AL",
    "County": "Lawrence,Walker,Winston",
    "Association": "First South ACA",
    "Branch": "North Alabama - Moulton Branch",
    "Phone 1": "(256) 974-1124",
    "Phone 2": "",
    "Fax": "(256) 974-0764",
    "Address": "14390 Market St",
    "City": "Moulton",
    "Zip": 35650
  },
  {
    "State": "AL",
    "County": "Colbert,Franklin,Lauderdale,Marion",
    "Association": "First South ACA",
    "Branch": "North Alabama - Muscle Shoals Branch",
    "Phone 1": "(256) 381-0721",
    "Phone 2": "",
    "Fax": "(256) 381-0722",
    "Address": "970 Hwy. 20 East",
    "City": "Tuscumbia",
    "Zip": 35674
  },
  {
    "State": "AL",
    "County": "Tuscaloosa,Bibb,Fayette,Lamar,Pickens",
    "Association": "First South ACA",
    "Branch": "North Alabama - Northport Branch",
    "Phone 1": "(205) 339-4577",
    "Phone 2": "",
    "Fax": "(205) 339-4677",
    "Address": "4210 McFarland Blvd",
    "City": "Northport",
    "Zip": 35476
  },
  {
    "State": "AL",
    "County": "Covington,Conecuh",
    "Association": "First South ACA",
    "Branch": "South Alabama - Andalusia Branch",
    "Phone 1": "(334) 222-3123",
    "Phone 2": "",
    "Fax": "(334) 222-3251",
    "Address": "1103 Bypass West",
    "City": "Andalusia",
    "Zip": 36420
  },
  {
    "State": "AL",
    "County": "Baldwin,Clarke,Mobile,Washington,Escambia,Monroe",
    "Association": "First South ACA",
    "Branch": "South Alabama - Bay Minette Branch",
    "Phone 1": "(251) 580-8678",
    "Phone 2": "",
    "Fax": "(251) 580-8677",
    "Address": "209 East Second St",
    "City": "Bay Minette",
    "Zip": 36507
  },
  {
    "State": "AL",
    "County": "Coffee,Geneva",
    "Association": "First South ACA",
    "Branch": "South Alabama - Enterprise Branch",
    "Phone 1": "(334) 347-1738",
    "Phone 2": "",
    "Fax": "(334) 393-3413",
    "Address": "5070 Boll Weevil Circle",
    "City": "Enterprise",
    "Zip": 36330
  },
  {
    "State": "AL",
    "County": "Crenshaw,Butler,Pike,Wilcox",
    "Association": "First South ACA",
    "Branch": "South Alabama - Luverne Branch",
    "Phone 1": "(334) 335-6531",
    "Phone 2": "",
    "Fax": "(334) 335-6042",
    "Address": "Hwy. 10",
    "City": "Luverne",
    "Zip": 36049
  },
  {
    "State": "AL",
    "County": "Montgomery,Autauga,Bullock,Chilton,Coosa,Dallas,Elmore,Lowndes,Macon",
    "Association": "First South ACA",
    "Branch": "South Alabama - Montgomery Branch",
    "Phone 1": "(334) 265-8535",
    "Phone 2": "",
    "Fax": "(334) 265-8550",
    "Address": "1401 Forest Ave",
    "City": "Montgomery",
    "Zip": 36106
  },
  {
    "State": "AL",
    "County": "Lee,Chambers,Russell,Tallapoosa",
    "Association": "First South ACA",
    "Branch": "South Alabama - Auburn Branch",
    "Phone 1": "(334) 826-5263",
    "Phone 2": "",
    "Fax": "(334) 826-5626",
    "Address": "1642 South College St",
    "City": "Auburn",
    "Zip": 36832
  },
  {
    "State": "AL",
    "County": "Dale,Houston,Henry,Barbour",
    "Association": "First South ACA",
    "Branch": "South Alabama - Ozark Branch",
    "Phone 1": "(334) 774-2666",
    "Phone 2": "",
    "Fax": "(334) 774-4091",
    "Address": "1060 S. Union Ave",
    "City": "Ozark",
    "Zip": 36360
  },
  {
    "State": "LA",
    "County": "Acadia, Vermillion",
    "Association": "First South ACA",
    "Branch": "Louisiana - Crowley Branch",
    "Phone 1": "(337) 783-3954",
    "Phone 2": "",
    "Fax": "(337) 783-0556",
    "Address": "3206 S. LA 13",
    "City": "Crowley",
    "Zip": 70526
  },
  {
    "State": "LA",
    "County": "Allen, Beauregard,Calcasieu, Cameron,Jefferson Davis",
    "Association": "First South ACA",
    "Branch": "Louisiana - Jennings Branch",
    "Phone 1": "(337) 824-2661",
    "Phone 2": "",
    "Fax": "(337) 824-6812",
    "Address": "407 N. Church",
    "City": "Jennings",
    "Zip": 70546
  },
  {
    "State": "LA",
    "County": "East Carroll, West Carroll",
    "Association": "First South ACA",
    "Branch": "Louisiana - Lake Providence Branch",
    "Phone 1": "(318) 559-2626",
    "Phone 2": "",
    "Fax": "(318) 559-0424",
    "Address": "109 Davis Street",
    "City": "Lake Providence",
    "Zip": 71254
  },
  {
    "State": "LA",
    "County": "Evangeline,St. Landry",
    "Association": "First South ACA",
    "Branch": "Louisiana - Opelousas Branch",
    "Phone 1": "(337) 948-3062",
    "Phone 2": "",
    "Fax": "(337) 948-3063",
    "Address": "5057 I-49 S. Service Rd",
    "City": "Opelousas",
    "Zip": 70570
  },
  {
    "State": "MS",
    "County": "Calhoun,Choctaw,Montgomery,Webster",
    "Association": "First South ACA",
    "Branch": "Mississippi - Calhoun City Branch",
    "Phone 1": "(662) 628-5441",
    "Phone 2": "",
    "Fax": "(662) 628-8173",
    "Address": "1009 North Main Street",
    "City": "Calhoun City",
    "Zip": 38916
  },
  {
    "State": "MS",
    "County": "Grenada,Tallahatchie",
    "Association": "First South ACA",
    "Branch": "Mississippi - Charleston Branch",
    "Phone 1": "(662) 647-3401",
    "Phone 2": "",
    "Fax": "(662) 647-2544",
    "Address": "203 Cossar Blvd",
    "City": "Charleston",
    "Zip": 38921
  },
  {
    "State": "MS",
    "County": "Coahoma,Quitman,Tunica",
    "Association": "First South ACA",
    "Branch": "Mississippi - Clarksdale Branch",
    "Phone 1": "(662) 624-5486",
    "Phone 2": "",
    "Fax": "(662) 624-4673",
    "Address": "505 E. Second St",
    "City": "Clarksdale",
    "Zip": 38614
  },
  {
    "State": "MS",
    "County": "Carroll,Holmes,Leflore",
    "Association": "First South ACA",
    "Branch": "Mississippi - Greenwood Branch",
    "Phone 1": "(662) 453-1392",
    "Phone 2": "",
    "Fax": "(662) 455-2140",
    "Address": "103 Professional Plaza",
    "City": "Greenwood",
    "Zip": 38930
  },
  {
    "State": "MS",
    "County": "Forrest,George,Hancock,Harrison,Jackson,Jefferson Davis,Lamar,Marion,Pearl River,Perry,Stone",
    "Association": "First South ACA",
    "Branch": "Mississippi - Hattiesburg Branch",
    "Phone 1": "(601) 545-7020",
    "Phone 2": "",
    "Fax": "(601) 582-3904",
    "Address": "4 Thompson Park",
    "City": "Hattiesburg",
    "Zip": 39401
  },
  {
    "State": "MS",
    "County": "Humphreys,Sunflower",
    "Association": "First South ACA",
    "Branch": "Mississippi - Indianola Branch",
    "Phone 1": "(662) 887-1664",
    "Phone 2": "",
    "Fax": "(662) 887-1763",
    "Address": "122 Main Street",
    "City": "Indianola",
    "Zip": 38751
  },
  {
    "State": "MS",
    "County": "Attala,Claiborne,Hinds,Madison,Rankin,Simpson,Warren,Yazoo",
    "Association": "First South ACA",
    "Branch": "Mississippi - Ridgeland Branch",
    "Phone 1": "(601) 898-8540",
    "Phone 2": "",
    "Fax": "(601) 898-8511",
    "Address": "260 Trace Colony Park Drive",
    "City": "Ridgeland",
    "Zip": 39157
  },
  {
    "State": "MS",
    "County": "Covington,Greene,Jones,Wayne,Bolivar,Issaquena,Sharkey,Washington",
    "Association": "First South ACA",
    "Branch": "Mississippi - Laurel Branch",
    "Phone 1": "(601) 428-5464",
    "Phone 2": "",
    "Fax": "(601) 428-7119",
    "Address": "23 Dunnbarr",
    "City": "Laurel",
    "Zip": 39440
  },
  {
    "State": "MS",
    "County": "Adams,Amite,Copiah,Franklin,Jefferson,Lawrence,Lincoln,Pike,Walthall,Wilkinson",
    "Association": "First South ACA",
    "Branch": "Mississippi - McComb Branch",
    "Phone 1": "(601) 250-0062",
    "Phone 2": "",
    "Fax": "(601) 250-0068",
    "Address": "501 Apache Drive",
    "City": "McComb",
    "Zip": 39648
  },
  {
    "State": "MS",
    "County": "Clarke,Jasper,Kemper,Lauderdale,Leake,Neshoba,Newton,Scott,Smith",
    "Association": "First South ACA",
    "Branch": "Mississippi - Newton Branch",
    "Phone 1": "(601) 635-5664",
    "Phone 2": "",
    "Fax": "(601) 635-5666",
    "Address": "9769 Eastside Dr. Extension",
    "City": "Newton",
    "Zip": 39345
  },
  {
    "State": "MS",
    "County": "Benton,Desoto,Lafayette,Marshall,Panola,Tate,Yalobusha",
    "Association": "First South ACA",
    "Branch": "Mississippi - Oxford Branch",
    "Phone 1": "(662) 234-5015",
    "Phone 2": "",
    "Fax": "(662) 234-5018",
    "Address": "914 Van Buren Ave",
    "City": "Oxford",
    "Zip": 38655
  },
  {
    "State": "MS",
    "County": "Choctaw,Lowdes,Noxubee,Oktibbeha,Winston",
    "Association": "First South ACA",
    "Branch": "Mississippi - Starkville Branch",
    "Phone 1": "(662) 324-2520",
    "Phone 2": "",
    "Fax": "(662) 324-2511",
    "Address": "1089D Stark Rd. Ste. 3",
    "City": "Starkville",
    "Zip": 39759
  },
  {
    "State": "DE",
    "County": "New Castle, Sussex",
    "Association": "MidAtlantic Farm Credit, ACA",
    "Branch": "Dover Branch",
    "Phone 1": "(302) 734-7534",
    "Phone 2": "",
    "Fax": "(302) 734-7541",
    "Address": "1410 State Street",
    "City": "Dover",
    "Zip": 19901
  },
  {
    "State": "DE",
    "County": "Sussex",
    "Association": "MidAtlantic Farm Credit, ACA",
    "Branch": "Georgetown Branch",
    "Phone 1": "(302) 856-9081",
    "Phone 2": "",
    "Fax": "(302) 856-7299",
    "Address": "20816 DuPont Blvd",
    "City": "Georgetown",
    "Zip": 19947
  },
  {
    "State": "MD",
    "County": "Baltimore, Cecil, Harford",
    "Association": "MidAtlantic Farm Credit, ACA",
    "Branch": "Bel Air Branch",
    "Phone 1": "(410) 838-4242",
    "Phone 2": "",
    "Fax": "(410) 838-5584",
    "Address": "1614 E. Churcville Rd., Suite 102",
    "City": "Bel Air",
    "Zip": 21015
  },
  {
    "State": "MD",
    "County": "Queen Anne's, Kent",
    "Association": "MidAtlantic Farm Credit, ACA",
    "Branch": "Chestertown Branch",
    "Phone 1": "(410) 778-0757",
    "Phone 2": "",
    "Fax": "(410) 778-1377",
    "Address": "102 Morgnec Rd",
    "City": "Chestertown",
    "Zip": 21620
  },
  {
    "State": "MD",
    "County": "Queen Anne's, Caroline, Talbot",
    "Association": "MidAtlantic Farm Credit, ACA",
    "Branch": "Denton Branch",
    "Phone 1": "(410) 479-2323",
    "Phone 2": "",
    "Fax": "(410) 479-3345",
    "Address": "379 Deep Shore Rd",
    "City": "Denton",
    "Zip": 21629
  },
  {
    "State": "MD",
    "County": "Caroline, Dorchester, Talbot",
    "Association": "MidAtlantic Farm Credit, ACA",
    "Branch": "East New Market Branch",
    "Phone 1": "(410) 943-8500",
    "Phone 2": "",
    "Fax": "(410) 673-2938",
    "Address": "105 Railroad Ave",
    "City": "East New Market",
    "Zip": 21631
  },
  {
    "State": "MD",
    "County": "Montgomery, Frederick",
    "Association": "MidAtlantic Farm Credit, ACA",
    "Branch": "Frederick Branch",
    "Phone 1": "(301) 663-4192",
    "Phone 2": "",
    "Fax": "(301) 663-4305",
    "Address": "925 N East Street",
    "City": "Frederick",
    "Zip": 21701
  },
  {
    "State": "MD",
    "County": "Washington, Berkeley, Jefferson, Morgan",
    "Association": "MidAtlantic Farm Credit, ACA",
    "Branch": "Martinsburg Branch",
    "Phone 1": "(800) 666-9185",
    "Phone 2": "",
    "Fax": "(304) 263-0282",
    "Address": "158 Crimson Cir",
    "City": "Martinsburg",
    "Zip": 25403
  },
  {
    "State": "MD",
    "County": "Somerset, Worcester",
    "Association": "MidAtlantic Farm Credit, ACA",
    "Branch": "Pocomoke Branch",
    "Phone 1": "(410) 957-1181",
    "Phone 2": "",
    "Fax": "(410) 957-4331",
    "Address": "1035 Ocean Hwy",
    "City": "Pocomoke",
    "Zip": 21851
  },
  {
    "State": "MD",
    "County": "Somerset, Wicomico, Worcester",
    "Association": "MidAtlantic Farm Credit, ACA",
    "Branch": "Salisbury Branch",
    "Phone 1": "(410) 742-7191",
    "Phone 2": "",
    "Fax": "(410) 742-7815",
    "Address": "6564 Mid Atlantic Ln",
    "City": "Salisbury",
    "Zip": 21804
  },
  {
    "State": "MD",
    "County": "Carroll, Baltimore, Howard",
    "Association": "MidAtlantic Farm Credit, ACA",
    "Branch": "Westminster",
    "Phone 1": "(410) 848-1033",
    "Phone 2": "",
    "Fax": "(410) 876-1072",
    "Address": "45 Aileron Ct",
    "City": "Westminster",
    "Zip": 21158
  },
  {
    "State": "PA",
    "County": "Dauphin, Lancaster, Lebanon",
    "Association": "MidAtlantic Farm Credit, ACA",
    "Branch": "Lancaster Branch",
    "Phone 1": "(888) 339-3334",
    "Phone 2": "",
    "Fax": "(717) 295-9397",
    "Address": "411 W. Roseville Rd",
    "City": "Lancaster",
    "Zip": 17601
  },
  {
    "State": "PA",
    "County": "Chester, Delaware, Philadelphia",
    "Association": "MidAtlantic Farm Credit, ACA",
    "Branch": "Quarryville Branch",
    "Phone 1": "(888) 339-3334",
    "Phone 2": "",
    "Fax": "(717) 786-7119",
    "Address": "680 Robert Fulton Hwy",
    "City": "Quarryville",
    "Zip": 17566
  },
  {
    "State": "PA",
    "County": "Bucks, Berks, Carbon, Lehigh, Monroe, Montgomery, Northampton, Pike, Schuylkill",
    "Association": "MidAtlantic Farm Credit, ACA",
    "Branch": "Shoemakersville Branch",
    "Phone 1": "(888) 339-3334",
    "Phone 2": "",
    "Fax": "(610) 562-2179",
    "Address": "1513 Main St",
    "City": "Shoemakersville",
    "Zip": 19555
  },
  {
    "State": "VA",
    "County": "Clarke, Frederick, Warren",
    "Association": "MidAtlantic Farm Credit, ACA",
    "Branch": "Winchester Branch",
    "Phone 1": "(540) 662-3473",
    "Phone 2": "",
    "Fax": "(540) 869-6790",
    "Address": "125 Prosperity Dr, Suite 100",
    "City": "Winchester",
    "Zip": 22602
  },
  {
    "State": "VA",
    "County": "Shenandoah, Page",
    "Association": "MidAtlantic Farm Credit, ACA",
    "Branch": "Woodstock Branch",
    "Phone 1": "(540) 459-2232",
    "Phone 2": "",
    "Fax": "(540) 459-3259",
    "Address": "1031 S. Main St",
    "City": "Woodstock",
    "Zip": 22664
  },
  {
    "State": "KY",
    "County": "Carlisle",
    "Association": "River Valley AgCredit",
    "Branch": "Bardwell Branch",
    "Phone 1": "(270) 628-5418",
    "Phone 2": "",
    "Fax": "(270) 628-3627",
    "Address": "196 US Hwy. 51 N",
    "City": "Bardwell",
    "Zip": 42023
  },
  {
    "State": "KY",
    "County": "Hickman",
    "Association": "River Valley AgCredit",
    "Branch": "Clinton Branch",
    "Phone 1": "(270) 653-4307",
    "Phone 2": "",
    "Fax": "(270) 653-6993",
    "Address": "102 N. Washington St.",
    "City": "Clinton",
    "Zip": 42031
  },
  {
    "State": "KY",
    "County": "Marshall",
    "Association": "River Valley AgCredit",
    "Branch": "Draffenville Branch",
    "Phone 1": "(270) 527-8600",
    "Phone 2": "",
    "Fax": "(270) 527-2266",
    "Address": "2730 US Hwy 641 N",
    "City": "Benton",
    "Zip": 42025
  },
  {
    "State": "KY",
    "County": "Fulton",
    "Association": "River Valley AgCredit",
    "Branch": "Hickman Branch",
    "Phone 1": "(270) 236-2531",
    "Phone 2": "",
    "Fax": "(270) 236-3407",
    "Address": "1514 Union City Hwy",
    "City": "Hickman",
    "Zip": 42050
  },
  {
    "State": "KY",
    "County": "Ballard",
    "Association": "River Valley AgCredit",
    "Branch": "Kevil Branch",
    "Phone 1": "(270) 462-2155",
    "Phone 2": "",
    "Fax": "(270) 462-3222",
    "Address": "12350 US Hwy 60 W",
    "City": "Kevil",
    "Zip": 42053
  },
  {
    "State": "KY",
    "County": "McCracken",
    "Association": "River Valley AgCredit",
    "Branch": "Lone Oak Branch",
    "Phone 1": "(270) 534-1219",
    "Phone 2": "",
    "Fax": "(270) 534-9392",
    "Address": "3565 Lone Oak Rd.",
    "City": "Paducah",
    "Zip": 42003
  },
  {
    "State": "KY",
    "County": "Graves",
    "Association": "River Valley AgCredit",
    "Branch": "Mayfield Branch",
    "Phone 1": "(270) 247-5665",
    "Phone 2": "",
    "Fax": "(270) 247-5609",
    "Address": "545 Dick Castleman Bypass",
    "City": "Mayfield",
    "Zip": 42066
  },
  {
    "State": "KY",
    "County": "Calloway",
    "Association": "River Valley AgCredit",
    "Branch": "Murray Branch",
    "Phone 1": "(270) 753-5602",
    "Phone 2": "",
    "Fax": "(270) 753-3010",
    "Address": "1401 North 12th St",
    "City": "Murray",
    "Zip": 42071
  },
  {
    "State": "TN",
    "County": "McMinn, Meigs, Monroe",
    "Association": "River Valley AgCredit",
    "Branch": "Athens Branch",
    "Phone 1": "(432) 745-0323",
    "Phone 2": "",
    "Fax": "(423) 745-0339",
    "Address": "1117 S Congress Pkwy",
    "City": "Athens",
    "Zip": 37303
  },
  {
    "State": "TN",
    "County": "Hamilton, Marion",
    "Association": "River Valley AgCredit",
    "Branch": "Chattanooga Branch",
    "Phone 1": "(423) 624-4633",
    "Phone 2": "",
    "Fax": "(423) 624-4638",
    "Address": "601 Morrison Springs Rd.",
    "City": "Chattanooga",
    "Zip": 37415
  },
  {
    "State": "TN",
    "County": "Bradley, Polk",
    "Association": "River Valley AgCredit",
    "Branch": "Cleveland Branch",
    "Phone 1": "(423) 479-8553",
    "Phone 2": "",
    "Fax": "(423) 479-8554",
    "Address": "2620 APD 40",
    "City": "Cleveland",
    "Zip": 37320
  },
  {
    "State": "TN",
    "County": "Rhea",
    "Association": "River Valley AgCredit",
    "Branch": "Dayton Branch",
    "Phone 1": "(423) 775-1161",
    "Phone 2": "",
    "Fax": "(423) 775-1162",
    "Address": "230 Main St",
    "City": "Dayton",
    "Zip": 37321
  },
  {
    "State": "TN",
    "County": "Loudon, Roane",
    "Association": "River Valley AgCredit",
    "Branch": "Loudon Branch",
    "Phone 1": "(423) 458-5422",
    "Phone 2": "",
    "Fax": "(423) 458-5423",
    "Address": "2052 Highway 72",
    "City": "Loudon",
    "Zip": 37774
  },
  {
    "State": "TN",
    "County": "Bledsoe, Sequatchie",
    "Association": "River Valley AgCredit",
    "Branch": "Pikeville Branch",
    "Phone 1": "(423) 447-2154",
    "Phone 2": "",
    "Fax": "(423) 447-7450",
    "Address": "3270 Main St.",
    "City": "Pikeville",
    "Zip": 37367
  },
  {
    "State": "GA",
    "County": "Chattahoochee, Marion, Schley, Stewart, Sumter, Webster",
    "Association": "Southwest Georgia Farm Credit, ACA",
    "Branch": "Americus Branch",
    "Phone 1": "(229) 924-6025",
    "Phone 2": "",
    "Fax": "(888) 436-5417",
    "Address": "1037 E. Forsyth Street",
    "City": "Americus",
    "Zip": 31709
  },
  {
    "State": "GA",
    "County": "Decatur, Miller, Calhoun, Early, Seminole",
    "Association": "Southwest Georgia Farm Credit, ACA",
    "Branch": "Bainbridge Branch",
    "Phone 1": "(229) 246-0384",
    "Phone 2": "",
    "Fax": "(888) 439-0904",
    "Address": "305 Colquitt Highway",
    "City": "Bainbridge",
    "Zip": 39817
  },
  {
    "State": "GA",
    "County": "Grady, Thomas",
    "Association": "Southwest Georgia Farm Credit, ACA",
    "Branch": "Thomasville Branch",
    "Phone 1": "(229) 226-2660",
    "Phone 2": "",
    "Fax": "(888) 300-6190",
    "Address": "137 East Jackson Street",
    "City": "Thomasville",
    "Zip": 31792
  },
  {
    "State": "GA",
    "County": "Baker, Dougherty, Mitchell,",
    "Association": "Southwest Georgia Farm Credit, ACA",
    "Branch": "Camilla Branch",
    "Phone 1": "(229) 336-5237",
    "Phone 2": "",
    "Fax": "(888) 342-6887",
    "Address": "40 East Broad Street",
    "City": "Camilla",
    "Zip": 31730
  },
  {
    "State": "GA",
    "County": "Clay, Lee, Quitman, Randolph, Terrell",
    "Association": "Southwest Georgia Farm Credit, ACA",
    "Branch": "Dawson Branch",
    "Phone 1": "(229) 995-4491",
    "Phone 2": "",
    "Fax": "(888) 554-6138",
    "Address": "937 Forrester Drive S.E.",
    "City": "Dawson",
    "Zip": 39842
  },
  {
    "State": "NY",
    "County": "Clinton",
    "Association": "Yankee Farm Credit ACA",
    "Branch": "Chazy",
    "Phone 1": "(800) 545-8374",
    "Phone 2": "(518) 8446-7330",
    "Fax": "",
    "Address": "9784 Route 9",
    "City": "Chazy",
    "Zip": 12921
  }
]